path,md5
data/models/discharge_3cat_final.json,199731cc74ec3262d7cd0069069776cd
data/models/hlos_trajectory_final.json,0c7b7016b386025a37485727730f2b9d
data/models/icu_trajectory_final.json,68f237be1877c3fa2da37adbacc4330c
data/models/ventilation_trajectory_final.json,7ac34096f3f5fdba7c39d79b87faa43a
data/models/icp_pressure_monitor_final.json,a99aebbb0049f1270703419ed4699088
data/models/craniotomy_craniectomy_final.json,e82603b48d8262fb16f6e88b5ee030f5
data/models/hospital_los.json,a228f8d4be40b67531582f0306ecf302
data/models/icu_los_conditional.json,9851a94ccddc79a6ff7a4b678040ef6b
data/models/ventilator_days_conditional.json,0d28e8377270f0d1aa393ac2711ffc4c
data/encoders/discharge_3cat_final_encoder.rds,a5d5d4a6c7dc8970dd559caa89247710
data/encoders/hlos_trajectory_final_encoder.rds,01b87b4715fd54e6de6f21ee35c4a71d
data/encoders/icu_trajectory_final_encoder.rds,0a9668e8f5eac958a836e28845949220
data/encoders/ventilation_trajectory_final_encoder.rds,29b7f2dc914c19c5e3887ccb518394af
data/encoders/icp_pressure_monitor_final_encoder.rds,36ef46bcac4d633c37f01bc6996885cd
data/encoders/craniotomy_craniectomy_final_encoder.rds,aa27cc661db25002270f55c6ac27f8db
data/encoders/hospital_los_encoder.rds,98481c217bb9ed454c6606fa6e7a93d0
data/encoders/icu_los_conditional_encoder.rds,ce66c8a9558dc9a0bdb79ffa20aad88a
data/encoders/ventilator_days_conditional_encoder.rds,df03fad1a71941ce7119093785edcddb
