fold_id,test_year,endpoint_id,endpoint_label,variant_id,selected_rounds,N,accuracy,multiclass_log_loss,multiclass_brier,macro_AUROC,macro_AUPRC,events,prevalence,AUROC,AUPRC,Brier,log_loss,calibration_intercept,calibration_slope,variant_id_reference,selected_rounds_reference,N_reference,accuracy_reference,multiclass_log_loss_reference,multiclass_brier_reference,macro_AUROC_reference,macro_AUPRC_reference,events_reference,prevalence_reference,AUROC_reference,AUPRC_reference,Brier_reference,log_loss_reference,calibration_intercept_reference,calibration_slope_reference,delta_AUROC,delta_AUPRC,delta_Brier,delta_log_loss,delta_accuracy,delta_multiclass_log_loss,delta_multiclass_brier,delta_macro_AUROC,delta_macro_AUPRC,delta_calibration_intercept,delta_calibration_slope
TEST_2022,2022,craniotomy_craniectomy_final,Craniotomy/craniectomy,FULL_REFERENCE,364,152944,,,,,,7035,0.0459972277434878,0.895642558665985,0.303822439764584,0.0367298145811732,0.131335777224659,-0.020939715524973,1.02816252547946,FULL_REFERENCE,364,152944,,,,,,7035,0.0459972277434878,0.895642558665985,0.303822439764584,0.0367298145811732,0.131335777224659,-0.020939715524973,1.02816252547946,0,0,0,0,,,,,,0,0
TEST_2022,2022,craniotomy_craniectomy_final,Craniotomy/craniectomy,NO_RESP_ASSISTANCE,427,152944,,,,,,7035,0.0459972277434878,0.895803353457598,0.304216645171964,0.0367191991572399,0.131252960605529,-0.0209482520074969,1.02195731367087,FULL_REFERENCE,364,152944,,,,,,7035,0.0459972277434878,0.895642558665985,0.303822439764584,0.0367298145811732,0.131335777224659,-0.020939715524973,1.02816252547946,0.000160794791613017,0.000394205407379888,-1.06154239333175e-05,-8.28166191298718e-05,,,,,,-8.53648252390274e-06,-0.00620521180859801
TEST_2022,2022,craniotomy_craniectomy_final,Craniotomy/craniectomy,NO_RESP_SUPPORT,366,152944,,,,,,7035,0.0459972277434878,0.89561041938676,0.304569395584456,0.0367013432471746,0.131282122185587,-0.0212324289230343,1.02770118575354,FULL_REFERENCE,364,152944,,,,,,7035,0.0459972277434878,0.895642558665985,0.303822439764584,0.0367298145811732,0.131335777224659,-0.020939715524973,1.02816252547946,-3.2139279224741e-05,0.000746955819872219,-2.84713339985671e-05,-5.36550390715929e-05,,,,,,-0.000292713398061289,-0.000461339725920773
TEST_2022,2022,craniotomy_craniectomy_final,Craniotomy/craniectomy,NO_GCS_AIRWAY_QUALIFIERS,433,152944,,,,,,7035,0.0459972277434878,0.895552506334538,0.304252785762005,0.0367094441220499,0.131291034615136,-0.0223223089183233,1.01571964867476,FULL_REFERENCE,364,152944,,,,,,7035,0.0459972277434878,0.895642558665985,0.303822439764584,0.0367298145811732,0.131335777224659,-0.020939715524973,1.02816252547946,-9.0052331446322e-05,0.000430345997420867,-2.03704591232451e-05,-4.47426095230574e-05,,,,,,-0.00138259339335033,-0.0124428768047078
TEST_2022,2022,craniotomy_craniectomy_final,Craniotomy/craniectomy,NO_AIRWAY_PROXY_SET,413,152944,,,,,,7035,0.0459972277434878,0.895599659206735,0.303577843556284,0.0367300554356311,0.131311453231311,-0.0227115705011857,1.01816033535983,FULL_REFERENCE,364,152944,,,,,,7035,0.0459972277434878,0.895642558665985,0.303822439764584,0.0367298145811732,0.131335777224659,-0.020939715524973,1.02816252547946,-4.28994592500676e-05,-0.000244596208300141,2.40854457871087e-07,-2.43239933473971e-05,,,,,,-0.00177185497621276,-0.0100021901196294
TEST_2022,2022,craniotomy_craniectomy_final,Craniotomy/craniectomy,NO_HELMET,428,152944,,,,,,7035,0.0459972277434878,0.895855728110232,0.305127806341959,0.0366954422163556,0.131184769451012,-0.0211533147043554,1.02155489519223,FULL_REFERENCE,364,152944,,,,,,7035,0.0459972277434878,0.895642558665985,0.303822439764584,0.0367298145811732,0.131335777224659,-0.020939715524973,1.02816252547946,0.000213169444247097,0.00130536657737496,-3.43723648176114e-05,-0.000151007773646711,,,,,,-0.000213599179382379,-0.00660763028723843
TEST_2022,2022,craniotomy_craniectomy_final,Craniotomy/craniectomy,NO_MECHANISM_HELMET,361,152944,,,,,,7035,0.0459972277434878,0.89192832231506,0.298523313023144,0.0369365501696346,0.13264482964837,-0.0231595077797319,1.01960699182289,FULL_REFERENCE,364,152944,,,,,,7035,0.0459972277434878,0.895642558665985,0.303822439764584,0.0367298145811732,0.131335777224659,-0.020939715524973,1.02816252547946,-0.00371423635092472,-0.0052991267414404,0.000206735588461376,0.0013090524237109,,,,,,-0.00221979225475891,-0.00855553365657147
TEST_2022,2022,craniotomy_craniectomy_final,Craniotomy/craniectomy,NO_NONCRANIAL_INJURY_PHENOTYPES,428,152944,,,,,,7035,0.0459972277434878,0.894511338845361,0.301717722518303,0.0367832108208842,0.131664526144407,-0.023447673466714,1.01623692349933,FULL_REFERENCE,364,152944,,,,,,7035,0.0459972277434878,0.895642558665985,0.303822439764584,0.0367298145811732,0.131335777224659,-0.020939715524973,1.02816252547946,-0.00113121982062381,-0.00210471724628103,5.33962397109983e-05,0.000328748919748212,,,,,,-0.00250795794174098,-0.0119256019801295
TEST_2022,2022,craniotomy_craniectomy_final,Craniotomy/craniectomy,NO_PMHX,427,152944,,,,,,7035,0.0459972277434878,0.894856980767622,0.302304570168435,0.0367565912913035,0.131577618819993,-0.021142254578517,1.01810311896406,FULL_REFERENCE,364,152944,,,,,,7035,0.0459972277434878,0.895642558665985,0.303822439764584,0.0367298145811732,0.131335777224659,-0.020939715524973,1.02816252547946,-0.000785577898362311,-0.00151786959614908,2.67767101303495e-05,0.000241841595333941,,,,,,-0.000202539053543983,-0.0100594065154038
TEST_2022,2022,craniotomy_craniectomy_final,Craniotomy/craniectomy,CORE_NEURO,243,152944,,,,,,7035,0.0459972277434878,0.88673225865877,0.287717908198566,0.0372438420170726,0.134367353189759,-0.024181640374085,1.02165443448419,FULL_REFERENCE,364,152944,,,,,,7035,0.0459972277434878,0.895642558665985,0.303822439764584,0.0367298145811732,0.131335777224659,-0.020939715524973,1.02816252547946,-0.00891030000721449,-0.0161045315660178,0.000514027435899435,0.00303157596510009,,,,,,-0.00324192484911203,-0.00650809099527594
TEST_2022,2022,craniotomy_craniectomy_final,Craniotomy/craniectomy,CORE_NEURO_PLUS_RESP,244,152944,,,,,,7035,0.0459972277434878,0.887134095609036,0.288230236701178,0.0372157143761045,0.13421805179535,-0.0241699203855476,1.02296776734891,FULL_REFERENCE,364,152944,,,,,,7035,0.0459972277434878,0.895642558665985,0.303822439764584,0.0367298145811732,0.131335777224659,-0.020939715524973,1.02816252547946,-0.0085084630569483,-0.0155922030634058,0.000485899794931327,0.00288227457069148,,,,,,-0.00323020486057466,-0.00519475813055048
TEST_2022,2022,discharge_3cat_final,Disposition,FULL_REFERENCE,703,152944,0.745867768595041,0.570216149160047,0.339756921880604,0.864099960511954,0.730153566395763,,,,,,,,,FULL_REFERENCE,703,152944,0.745867768595041,0.570216149160047,0.339756921880604,0.864099960511954,0.730153566395763,,,,,,,,,,,,,0,0,0,0,0,,
TEST_2022,2022,discharge_3cat_final,Disposition,NO_RESP_ASSISTANCE,699,152944,0.745822000209227,0.570270776881421,0.339766870322664,0.864088267217465,0.73022610004095,,,,,,,,,FULL_REFERENCE,703,152944,0.745867768595041,0.570216149160047,0.339756921880604,0.864099960511954,0.730153566395763,,,,,,,,,,,,,-4.5768385814382e-05,5.46277213738788e-05,9.94844206048118e-06,-1.16932944891346e-05,7.25336451874448e-05,,
TEST_2022,2022,discharge_3cat_final,Disposition,NO_RESP_SUPPORT,754,152944,0.745789308505074,0.571409940769441,0.340345709657478,0.863524376592738,0.729284107676089,,,,,,,,,FULL_REFERENCE,703,152944,0.745867768595041,0.570216149160047,0.339756921880604,0.864099960511954,0.730153566395763,,,,,,,,,,,,,-7.84600899675914e-05,0.00119379160939459,0.000588787776873934,-0.00057558391921575,-0.000869458719673255,,
TEST_2022,2022,discharge_3cat_final,Disposition,NO_GCS_AIRWAY_QUALIFIERS,731,152944,0.745795846845904,0.57099600850026,0.340183911795776,0.863881116471393,0.729239008211857,,,,,,,,,FULL_REFERENCE,703,152944,0.745867768595041,0.570216149160047,0.339756921880604,0.864099960511954,0.730153566395763,,,,,,,,,,,,,-7.19217491369495e-05,0.000779859340213518,0.000426989915172371,-0.000218844040560495,-0.00091455818390529,,
TEST_2022,2022,discharge_3cat_final,Disposition,NO_AIRWAY_PROXY_SET,752,152944,0.745560466576002,0.57229396262577,0.340778881581637,0.863252008677813,0.728508044029699,,,,,,,,,FULL_REFERENCE,703,152944,0.745867768595041,0.570216149160047,0.339756921880604,0.864099960511954,0.730153566395763,,,,,,,,,,,,,-0.000307302019039613,0.00207781346572355,0.00102195970103314,-0.000847951834141214,-0.0016455223660633,,
TEST_2022,2022,discharge_3cat_final,Disposition,NO_HELMET,694,152944,0.746148917250759,0.570554904235894,0.339939681268611,0.863843253541823,0.729998641206449,,,,,,,,,FULL_REFERENCE,703,152944,0.745867768595041,0.570216149160047,0.339756921880604,0.864099960511954,0.730153566395763,,,,,,,,,,,,,0.000281148655717156,0.000338755075847352,0.000182759388007714,-0.00025670697013136,-0.000154925189313149,,
TEST_2022,2022,discharge_3cat_final,Disposition,NO_MECHANISM_HELMET,677,152944,0.744958939219584,0.574062616376061,0.341694879862259,0.862108224836683,0.727185166945935,,,,,,,,,FULL_REFERENCE,703,152944,0.745867768595041,0.570216149160047,0.339756921880604,0.864099960511954,0.730153566395763,,,,,,,,,,,,,-0.000908829375457665,0.003846467216014,0.00193795798165536,-0.00199173567527045,-0.0029683994498273,,
TEST_2022,2022,discharge_3cat_final,Disposition,NO_NONCRANIAL_INJURY_PHENOTYPES,690,152944,0.735563343445967,0.592557075131312,0.353345976989961,0.848972837245421,0.711834646907985,,,,,,,,,FULL_REFERENCE,703,152944,0.745867768595041,0.570216149160047,0.339756921880604,0.864099960511954,0.730153566395763,,,,,,,,,,,,,-0.0103044251490741,0.0223409259712651,0.0135890551093574,-0.0151271232665331,-0.0183189194877779,,
TEST_2022,2022,discharge_3cat_final,Disposition,NO_PMHX,607,152944,0.742500523067267,0.580296123628717,0.345504932215955,0.857724196728137,0.723076615629722,,,,,,,,,FULL_REFERENCE,703,152944,0.745867768595041,0.570216149160047,0.339756921880604,0.864099960511954,0.730153566395763,,,,,,,,,,,,,-0.0033672455277749,0.0100799744686698,0.00574801033535111,-0.00637576378381677,-0.00707695076604065,,
TEST_2022,2022,discharge_3cat_final,Disposition,CORE_NEURO,418,152944,0.729528454859295,0.611520112414272,0.364158936017514,0.836779198504361,0.695290789983323,,,,,,,,,FULL_REFERENCE,703,152944,0.745867768595041,0.570216149160047,0.339756921880604,0.864099960511954,0.730153566395763,,,,,,,,,,,,,-0.0163393137357465,0.0413039632542249,0.0244020141369099,-0.0273207620075927,-0.0348627764124394,,
TEST_2022,2022,discharge_3cat_final,Disposition,CORE_NEURO_PLUS_RESP,436,152944,0.730090752170729,0.609482694586647,0.363058200596781,0.838077322986812,0.696909425267328,,,,,,,,,FULL_REFERENCE,703,152944,0.745867768595041,0.570216149160047,0.339756921880604,0.864099960511954,0.730153566395763,,,,,,,,,,,,,-0.0157770164243122,0.0392665454265997,0.023301278716177,-0.026022637525142,-0.0332441411284342,,
TEST_2022,2022,hlos_trajectory_final,Hospital LOS trajectory,FULL_REFERENCE,782,152708,0.743870655106478,0.589128742689172,0.351656756720304,0.81235680372847,0.554335465972579,,,,,,,,,FULL_REFERENCE,782,152708,0.743870655106478,0.589128742689172,0.351656756720304,0.81235680372847,0.554335465972579,,,,,,,,,,,,,0,0,0,0,0,,
TEST_2022,2022,hlos_trajectory_final,Hospital LOS trajectory,NO_RESP_ASSISTANCE,781,152708,0.743615265735914,0.58920846529019,0.351699063852042,0.812314593115335,0.554465054305937,,,,,,,,,FULL_REFERENCE,782,152708,0.743870655106478,0.589128742689172,0.351656756720304,0.81235680372847,0.554335465972579,,,,,,,,,,,,,-0.000255389370563464,7.97226010174068e-05,4.23071317380841e-05,-4.22106131352518e-05,0.000129588333358188,,
TEST_2022,2022,hlos_trajectory_final,Hospital LOS trajectory,NO_RESP_SUPPORT,712,152708,0.743386070146947,0.590141538101817,0.352355201860152,0.811452797092889,0.553306734009674,,,,,,,,,FULL_REFERENCE,782,152708,0.743870655106478,0.589128742689172,0.351656756720304,0.81235680372847,0.554335465972579,,,,,,,,,,,,,-0.000484584959530632,0.00101279541264465,0.000698445139848236,-0.000904006635581101,-0.00102873196290521,,
TEST_2022,2022,hlos_trajectory_final,Hospital LOS trajectory,NO_GCS_AIRWAY_QUALIFIERS,748,152708,0.7437134924169,0.589626897416452,0.351950868891471,0.811990312542685,0.553728187231237,,,,,,,,,FULL_REFERENCE,782,152708,0.743870655106478,0.589128742689172,0.351656756720304,0.81235680372847,0.554335465972579,,,,,,,,,,,,,-0.00015716268957755,0.000498154727279654,0.000294112171166705,-0.00036649118578469,-0.00060727874134181,,
TEST_2022,2022,hlos_trajectory_final,Hospital LOS trajectory,NO_AIRWAY_PROXY_SET,742,152708,0.742698483380046,0.590539756290554,0.352631841174296,0.811123323837365,0.553147532615781,,,,,,,,,FULL_REFERENCE,782,152708,0.743870655106478,0.589128742689172,0.351656756720304,0.81235680372847,0.554335465972579,,,,,,,,,,,,,-0.00117217172643214,0.00141101360138207,0.000975084453992303,-0.00123347989110534,-0.00118793335679845,,
TEST_2022,2022,hlos_trajectory_final,Hospital LOS trajectory,NO_HELMET,668,152708,0.743353327919952,0.589633252116662,0.351966147882117,0.811974988431428,0.5540305348698,,,,,,,,,FULL_REFERENCE,782,152708,0.743870655106478,0.589128742689172,0.351656756720304,0.81235680372847,0.554335465972579,,,,,,,,,,,,,-0.000517327186525973,0.000504509427489364,0.000309391161813499,-0.00038181529704151,-0.000304931102778738,,
TEST_2022,2022,hlos_trajectory_final,Hospital LOS trajectory,NO_MECHANISM_HELMET,597,152708,0.742449642454881,0.592023043743247,0.353288861512932,0.809996115198353,0.551531536815603,,,,,,,,,FULL_REFERENCE,782,152708,0.743870655106478,0.589128742689172,0.351656756720304,0.81235680372847,0.554335465972579,,,,,,,,,,,,,-0.00142101265159655,0.00289430105407473,0.00163210479262838,-0.00236068853011739,-0.00280392915697569,,
TEST_2022,2022,hlos_trajectory_final,Hospital LOS trajectory,NO_NONCRANIAL_INJURY_PHENOTYPES,600,152708,0.734172407470467,0.616228286889138,0.3677945340478,0.788092525746094,0.532353783150882,,,,,,,,,FULL_REFERENCE,782,152708,0.743870655106478,0.589128742689172,0.351656756720304,0.81235680372847,0.554335465972579,,,,,,,,,,,,,-0.00969824763601124,0.0270995441999654,0.0161377773274965,-0.0242642779823761,-0.0219816828216973,,
TEST_2022,2022,hlos_trajectory_final,Hospital LOS trajectory,NO_PMHX,648,152708,0.742652644262252,0.593903864324503,0.354497361493904,0.807645410430772,0.550607098799287,,,,,,,,,FULL_REFERENCE,782,152708,0.743870655106478,0.589128742689172,0.351656756720304,0.81235680372847,0.554335465972579,,,,,,,,,,,,,-0.00121801084422557,0.00477512163533034,0.00284060477360054,-0.00471139329769799,-0.00372836717329206,,
TEST_2022,2022,hlos_trajectory_final,Hospital LOS trajectory,CORE_NEURO,485,152708,0.728953296487414,0.630652593254702,0.376491026108399,0.772659442180789,0.518466381224273,,,,,,,,,FULL_REFERENCE,782,152708,0.743870655106478,0.589128742689172,0.351656756720304,0.81235680372847,0.554335465972579,,,,,,,,,,,,,-0.0149173586190638,0.0415238505655299,0.0248342693880951,-0.0396973615476807,-0.0358690847483065,,
TEST_2022,2022,hlos_trajectory_final,Hospital LOS trajectory,CORE_NEURO_PLUS_RESP,465,152708,0.729719464599104,0.6285513781889,0.37515361454644,0.775255823158839,0.520373610333331,,,,,,,,,FULL_REFERENCE,782,152708,0.743870655106478,0.589128742689172,0.351656756720304,0.81235680372847,0.554335465972579,,,,,,,,,,,,,-0.0141511905073736,0.0394226354997279,0.0234968578261363,-0.0371009805696313,-0.0339618556392477,,
TEST_2022,2022,icp_pressure_monitor_final,Invasive ICP monitoring,FULL_REFERENCE,279,152944,,,,,,6207,0.0405834815357255,0.923988088980033,0.363950199297291,0.0304492967445314,0.108223467827682,-0.0761878369606688,1.00638823462202,FULL_REFERENCE,279,152944,,,,,,6207,0.0405834815357255,0.923988088980033,0.363950199297291,0.0304492967445314,0.108223467827682,-0.0761878369606688,1.00638823462202,0,0,0,0,,,,,,0,0
TEST_2022,2022,icp_pressure_monitor_final,Invasive ICP monitoring,NO_RESP_ASSISTANCE,286,152944,,,,,,6207,0.0405834815357255,0.923923110144293,0.363784250657026,0.0304558193537093,0.108242780233021,-0.0777057825211296,1.00476632179022,FULL_REFERENCE,279,152944,,,,,,6207,0.0405834815357255,0.923988088980033,0.363950199297291,0.0304492967445314,0.108223467827682,-0.0761878369606688,1.00638823462202,-6.49788357401926e-05,-0.00016594864026559,6.52260917794953e-06,1.93124053393251e-05,,,,,,-0.00151794556046081,-0.00162191283179691
TEST_2022,2022,icp_pressure_monitor_final,Invasive ICP monitoring,NO_RESP_SUPPORT,241,152944,,,,,,6207,0.0405834815357255,0.923605030330379,0.362134844728453,0.0304844756627386,0.108402390364802,-0.0792873670321786,1.01045597746789,FULL_REFERENCE,279,152944,,,,,,6207,0.0405834815357255,0.923988088980033,0.363950199297291,0.0304492967445314,0.108223467827682,-0.0761878369606688,1.00638823462202,-0.000383058649653933,-0.00181535456883836,3.51789182072015e-05,0.000178922537120207,,,,,,-0.0030995300715098,0.0040677428458733
TEST_2022,2022,icp_pressure_monitor_final,Invasive ICP monitoring,NO_GCS_AIRWAY_QUALIFIERS,275,152944,,,,,,6207,0.0405834815357255,0.923833841032331,0.362018256547687,0.030485111748748,0.108324025067286,-0.0780603718984689,1.00436944322232,FULL_REFERENCE,279,152944,,,,,,6207,0.0405834815357255,0.923988088980033,0.363950199297291,0.0304492967445314,0.108223467827682,-0.0761878369606688,1.00638823462202,-0.000154247947702246,-0.00193194274960434,3.58150042165904e-05,0.000100557239604046,,,,,,-0.00187253493780008,-0.00201879139969008
TEST_2022,2022,icp_pressure_monitor_final,Invasive ICP monitoring,NO_AIRWAY_PROXY_SET,281,152944,,,,,,6207,0.0405834815357255,0.923666878390128,0.361877470148498,0.030500263056537,0.108390118740898,-0.0777016616250512,1.00390885026337,FULL_REFERENCE,279,152944,,,,,,6207,0.0405834815357255,0.923988088980033,0.363950199297291,0.0304492967445314,0.108223467827682,-0.0761878369606688,1.00638823462202,-0.000321210589905196,-0.00207272914879347,5.09663120056812e-05,0.000166650913215702,,,,,,-0.00151382466438234,-0.0024793843586417
TEST_2022,2022,icp_pressure_monitor_final,Invasive ICP monitoring,NO_HELMET,286,152944,,,,,,6207,0.0405834815357255,0.924188144632637,0.364723913355854,0.0304357109397811,0.108133046729357,-0.0777130901705296,1.00517087041228,FULL_REFERENCE,279,152944,,,,,,6207,0.0405834815357255,0.923988088980033,0.363950199297291,0.0304492967445314,0.108223467827682,-0.0761878369606688,1.00638823462202,0.000200055652603726,0.000773714058562858,-1.35858047502629e-05,-9.04210983250497e-05,,,,,,-0.00152525320986072,-0.00121736420973595
TEST_2022,2022,icp_pressure_monitor_final,Invasive ICP monitoring,NO_MECHANISM_HELMET,286,152944,,,,,,6207,0.0405834815357255,0.922919553432349,0.358894615316385,0.0306203453303423,0.108837025453391,-0.0795193507724517,1.0043684541507,FULL_REFERENCE,279,152944,,,,,,6207,0.0405834815357255,0.923988088980033,0.363950199297291,0.0304492967445314,0.108223467827682,-0.0761878369606688,1.00638823462202,-0.00106853554768427,-0.00505558398090661,0.000171048585810931,0.000613557625708597,,,,,,-0.00333151381178289,-0.00201978047131912
TEST_2022,2022,icp_pressure_monitor_final,Invasive ICP monitoring,NO_NONCRANIAL_INJURY_PHENOTYPES,281,152944,,,,,,6207,0.0405834815357255,0.923537994503996,0.364632318318951,0.0304502438211984,0.108331618510347,-0.0765585587231062,1.0063354009791,FULL_REFERENCE,279,152944,,,,,,6207,0.0405834815357255,0.923988088980033,0.363950199297291,0.0304492967445314,0.108223467827682,-0.0761878369606688,1.00638823462202,-0.00045009447603761,0.000682119021659433,9.47076667076607e-07,0.000108150682665009,,,,,,-0.000370721762437312,-5.28336429115317e-05
TEST_2022,2022,icp_pressure_monitor_final,Invasive ICP monitoring,NO_PMHX,273,152944,,,,,,6207,0.0405834815357255,0.923770511851484,0.364302694601914,0.0304635163771097,0.108319638295831,-0.0796721551382515,1.00568222668205,FULL_REFERENCE,279,152944,,,,,,6207,0.0405834815357255,0.923988088980033,0.363950199297291,0.0304492967445314,0.108223467827682,-0.0761878369606688,1.00638823462202,-0.000217577128549529,0.000352495304622502,1.42196325783883e-05,9.61704681486375e-05,,,,,,-0.00348431817758266,-0.000706007939960784
TEST_2022,2022,icp_pressure_monitor_final,Invasive ICP monitoring,CORE_NEURO,233,152944,,,,,,6207,0.0405834815357255,0.92084050791852,0.349398095741446,0.030887194961134,0.109897020006875,-0.0776408011636553,1.00784677638151,FULL_REFERENCE,279,152944,,,,,,6207,0.0405834815357255,0.923988088980033,0.363950199297291,0.0304492967445314,0.108223467827682,-0.0761878369606688,1.00638823462202,-0.00314758106151347,-0.0145521035558458,0.000437898216602683,0.00167355217919342,,,,,,-0.00145296420298643,0.00145854175949078
TEST_2022,2022,icp_pressure_monitor_final,Invasive ICP monitoring,CORE_NEURO_PLUS_RESP,236,152944,,,,,,6207,0.0405834815357255,0.921110087329612,0.351331188399447,0.0308531246050942,0.109754632353995,-0.0782823478163886,1.00739611176783,FULL_REFERENCE,279,152944,,,,,,6207,0.0405834815357255,0.923988088980033,0.363950199297291,0.0304492967445314,0.108223467827682,-0.0761878369606688,1.00638823462202,-0.00287800165042129,-0.0126190108978441,0.000403827860562842,0.00153116452631338,,,,,,-0.00209451085571981,0.00100787714581352
TEST_2022,2022,icu_trajectory_final,ICU trajectory,FULL_REFERENCE,792,152944,0.674527931792028,0.681162821205421,0.416425202067654,0.832572335394904,0.671173658256698,,,,,,,,,FULL_REFERENCE,792,152944,0.674527931792028,0.681162821205421,0.416425202067654,0.832572335394904,0.671173658256698,,,,,,,,,,,,,0,0,0,0,0,,
TEST_2022,2022,icu_trajectory_final,ICU trajectory,NO_RESP_ASSISTANCE,731,152944,0.674187938068836,0.681506943870802,0.416606396974206,0.83246547329127,0.670795117173302,,,,,,,,,FULL_REFERENCE,792,152944,0.674527931792028,0.681162821205421,0.416425202067654,0.832572335394904,0.671173658256698,,,,,,,,,,,,,-0.000339993723192711,0.000344122665380975,0.000181194906551219,-0.000106862103633421,-0.000378541083395412,,
TEST_2022,2022,icu_trajectory_final,ICU trajectory,NO_RESP_SUPPORT,738,152944,0.673364107124176,0.683438050383932,0.417626965545217,0.831501735988504,0.669602523141854,,,,,,,,,FULL_REFERENCE,792,152944,0.674527931792028,0.681162821205421,0.416425202067654,0.832572335394904,0.671173658256698,,,,,,,,,,,,,-0.00116382466785225,0.00227522917851097,0.00120176347756296,-0.00107059940639986,-0.00157113511484341,,
TEST_2022,2022,icu_trajectory_final,ICU trajectory,NO_GCS_AIRWAY_QUALIFIERS,734,152944,0.674580238518674,0.68170533461854,0.416591263966396,0.832428003371412,0.670867945225741,,,,,,,,,FULL_REFERENCE,792,152944,0.674527931792028,0.681162821205421,0.416425202067654,0.832572335394904,0.671173658256698,,,,,,,,,,,,,5.23067266451349e-05,0.000542513413119061,0.000166061898741521,-0.0001443320234914,-0.000305713030957167,,
TEST_2022,2022,icu_trajectory_final,ICU trajectory,NO_AIRWAY_PROXY_SET,701,152944,0.673266032011717,0.684192139855167,0.417966102938264,0.831210259867522,0.669127416076926,,,,,,,,,FULL_REFERENCE,792,152944,0.674527931792028,0.681162821205421,0.416425202067654,0.832572335394904,0.671173658256698,,,,,,,,,,,,,-0.00126189978031166,0.00302931864974587,0.00154090087060937,-0.0013620755273821,-0.00204624217977123,,
TEST_2022,2022,icu_trajectory_final,ICU trajectory,NO_HELMET,727,152944,0.673932942776441,0.681174014905547,0.416388277756073,0.832606795442173,0.671360590142936,,,,,,,,,FULL_REFERENCE,792,152944,0.674527931792028,0.681162821205421,0.416425202067654,0.832572335394904,0.671173658256698,,,,,,,,,,,,,-0.000594989015587411,1.11937001258111e-05,-3.6924311581199e-05,3.4460047269036e-05,0.000186931886238306,,
TEST_2022,2022,icu_trajectory_final,ICU trajectory,NO_MECHANISM_HELMET,737,152944,0.673521027304111,0.683221653432206,0.417397314550606,0.831552264513135,0.669108252504646,,,,,,,,,FULL_REFERENCE,792,152944,0.674527931792028,0.681162821205421,0.416425202067654,0.832572335394904,0.671173658256698,,,,,,,,,,,,,-0.00100690448791707,0.00205883222678471,0.000972112482952148,-0.00102007088176892,-0.00206540575205127,,
TEST_2022,2022,icu_trajectory_final,ICU trajectory,NO_NONCRANIAL_INJURY_PHENOTYPES,734,152944,0.669205722355895,0.701474660818857,0.426228374714591,0.822425083554532,0.657739982868721,,,,,,,,,FULL_REFERENCE,792,152944,0.674527931792028,0.681162821205421,0.416425202067654,0.832572335394904,0.671173658256698,,,,,,,,,,,,,-0.00532220943613349,0.0203118396134361,0.00980317264693631,-0.0101472518403719,-0.013433675387977,,
TEST_2022,2022,icu_trajectory_final,ICU trajectory,NO_PMHX,738,152944,0.669643791191547,0.685108689619318,0.418779727444244,0.829721546805509,0.668308292131152,,,,,,,,,FULL_REFERENCE,792,152944,0.674527931792028,0.681162821205421,0.416425202067654,0.832572335394904,0.671173658256698,,,,,,,,,,,,,-0.00488414060048115,0.00394586841389699,0.0023545253765892,-0.00285078858939425,-0.00286536612554589,,
TEST_2022,2022,icu_trajectory_final,ICU trajectory,CORE_NEURO,523,152944,0.661058949680929,0.71614679948688,0.434204073409289,0.813652906069669,0.64428412590133,,,,,,,,,FULL_REFERENCE,792,152944,0.674527931792028,0.681162821205421,0.416425202067654,0.832572335394904,0.671173658256698,,,,,,,,,,,,,-0.0134689821110995,0.0349839782814591,0.0177788713416347,-0.0189194293252349,-0.0268895323553673,,
TEST_2022,2022,icu_trajectory_final,ICU trajectory,CORE_NEURO_PLUS_RESP,513,152944,0.662791610001046,0.712458255658405,0.432302882497683,0.815678034396728,0.64694197636632,,,,,,,,,FULL_REFERENCE,792,152944,0.674527931792028,0.681162821205421,0.416425202067654,0.832572335394904,0.671173658256698,,,,,,,,,,,,,-0.0117363217909823,0.0312954344529838,0.0158776804300286,-0.0168943009981756,-0.0242316818903772,,
TEST_2022,2022,ventilation_trajectory_final,Mechanical ventilation trajectory,FULL_REFERENCE,736,152944,0.869494717020609,0.351643873823746,0.190543199645563,0.918992241126958,0.700066083139984,,,,,,,,,FULL_REFERENCE,736,152944,0.869494717020609,0.351643873823746,0.190543199645563,0.918992241126958,0.700066083139984,,,,,,,,,,,,,0,0,0,0,0,,
TEST_2022,2022,ventilation_trajectory_final,Mechanical ventilation trajectory,NO_RESP_ASSISTANCE,734,152944,0.86909587822994,0.351989609477636,0.190744672303933,0.918962348125091,0.699796111858858,,,,,,,,,FULL_REFERENCE,736,152944,0.869494717020609,0.351643873823746,0.190543199645563,0.918992241126958,0.700066083139984,,,,,,,,,,,,,-0.000398838790668488,0.000345735653889623,0.000201472658369645,-2.989300186651e-05,-0.000269971281125603,,
TEST_2022,2022,ventilation_trajectory_final,Mechanical ventilation trajectory,NO_RESP_SUPPORT,652,152944,0.868703577780103,0.354175644158135,0.191682080085506,0.917853772755348,0.69806301719915,,,,,,,,,FULL_REFERENCE,736,152944,0.869494717020609,0.351643873823746,0.190543199645563,0.918992241126958,0.700066083139984,,,,,,,,,,,,,-0.000791139240506333,0.00253177033438873,0.00113888043994362,-0.0011384683716098,-0.00200306594083388,,
TEST_2022,2022,ventilation_trajectory_final,Mechanical ventilation trajectory,NO_GCS_AIRWAY_QUALIFIERS,711,152944,0.868579349304321,0.352854815600049,0.191137139665219,0.918612078369552,0.699193939446086,,,,,,,,,FULL_REFERENCE,736,152944,0.869494717020609,0.351643873823746,0.190543199645563,0.918992241126958,0.700066083139984,,,,,,,,,,,,,-0.000915367716288307,0.00121094177630277,0.000593940019656403,-0.000380162757405822,-0.00087214369389732,,
TEST_2022,2022,ventilation_trajectory_final,Mechanical ventilation trajectory,NO_AIRWAY_PROXY_SET,614,152944,0.868108588764515,0.356201842254846,0.192759465484505,0.917234291725645,0.696284478100085,,,,,,,,,FULL_REFERENCE,736,152944,0.869494717020609,0.351643873823746,0.190543199645563,0.918992241126958,0.700066083139984,,,,,,,,,,,,,-0.00138612825609374,0.00455796843109985,0.00221626583894199,-0.00175794940131291,-0.00378160503989877,,
TEST_2022,2022,ventilation_trajectory_final,Mechanical ventilation trajectory,NO_HELMET,618,152944,0.869311643477351,0.351937245891228,0.190634968233604,0.918842852206914,0.699949430067797,,,,,,,,,FULL_REFERENCE,736,152944,0.869494717020609,0.351643873823746,0.190543199645563,0.918992241126958,0.700066083139984,,,,,,,,,,,,,-0.000183073543257639,0.000293372067481423,9.17685880409413e-05,-0.000149388920043902,-0.000116653072186335,,
TEST_2022,2022,ventilation_trajectory_final,Mechanical ventilation trajectory,NO_MECHANISM_HELMET,663,152944,0.868396275761063,0.353593284738678,0.191562484045534,0.918028749569944,0.696894470613645,,,,,,,,,FULL_REFERENCE,736,152944,0.869494717020609,0.351643873823746,0.190543199645563,0.918992241126958,0.700066083139984,,,,,,,,,,,,,-0.00109844125954606,0.00194941091493112,0.00101928439997112,-0.000963491557013252,-0.00317161252633869,,
TEST_2022,2022,ventilation_trajectory_final,Mechanical ventilation trajectory,NO_NONCRANIAL_INJURY_PHENOTYPES,620,152944,0.868043205356209,0.359241929399366,0.193260003741988,0.913527837810745,0.693788760746632,,,,,,,,,FULL_REFERENCE,736,152944,0.869494717020609,0.351643873823746,0.190543199645563,0.918992241126958,0.700066083139984,,,,,,,,,,,,,-0.00145151166440005,0.00759805557561977,0.00271680409642508,-0.00546440331621212,-0.0062773223933521,,
TEST_2022,2022,ventilation_trajectory_final,Mechanical ventilation trajectory,NO_PMHX,673,152944,0.868814729574223,0.353994916506083,0.191564736219608,0.917404002499726,0.698366550008404,,,,,,,,,FULL_REFERENCE,736,152944,0.869494717020609,0.351643873823746,0.190543199645563,0.918992241126958,0.700066083139984,,,,,,,,,,,,,-0.000679987446385644,0.00235104268233627,0.00102153657404513,-0.00158823862723123,-0.00169953313157933,,
TEST_2022,2022,ventilation_trajectory_final,Mechanical ventilation trajectory,CORE_NEURO,451,152944,0.864473271262684,0.371827271355525,0.199199801351262,0.906475083501859,0.680007754856342,,,,,,,,,FULL_REFERENCE,736,152944,0.869494717020609,0.351643873823746,0.190543199645563,0.918992241126958,0.700066083139984,,,,,,,,,,,,,-0.00502144575792451,0.020183397531779,0.0086566017056996,-0.0125171576250984,-0.020058328283642,,
TEST_2022,2022,ventilation_trajectory_final,Mechanical ventilation trajectory,CORE_NEURO_PLUS_RESP,495,152944,0.866029396380375,0.366958907738979,0.196976921403422,0.908946220777711,0.683119878682791,,,,,,,,,FULL_REFERENCE,736,152944,0.869494717020609,0.351643873823746,0.190543199645563,0.918992241126958,0.700066083139984,,,,,,,,,,,,,-0.00346532064023442,0.0153150339152323,0.00643372175785906,-0.010046020349247,-0.0169462044571926,,
TEST_2023,2023,craniotomy_craniectomy_final,Craniotomy/craniectomy,FULL_REFERENCE,632,152706,,,,,,7259,0.0475357877228138,0.896364377699104,0.317101765369106,0.0375166895989201,0.133785389450831,0.00291687018019252,1.03064272278014,FULL_REFERENCE,632,152706,,,,,,7259,0.0475357877228138,0.896364377699104,0.317101765369106,0.0375166895989201,0.133785389450831,0.00291687018019252,1.03064272278014,0,0,0,0,,,,,,0,0
TEST_2023,2023,craniotomy_craniectomy_final,Craniotomy/craniectomy,NO_RESP_ASSISTANCE,603,152706,,,,,,7259,0.0475357877228138,0.896321358178583,0.317076263744511,0.0375323716436886,0.133838938782378,0.0059281589242735,1.0336376762499,FULL_REFERENCE,632,152706,,,,,,7259,0.0475357877228138,0.896364377699104,0.317101765369106,0.0375166895989201,0.133785389450831,0.00291687018019252,1.03064272278014,-4.30195205203265e-05,-2.55016245944151e-05,1.56820447684974e-05,5.35493315476365e-05,,,,,,0.00301128874408098,0.00299495346975576
TEST_2023,2023,craniotomy_craniectomy_final,Craniotomy/craniectomy,NO_RESP_SUPPORT,580,152706,,,,,,7259,0.0475357877228138,0.896213202728166,0.316340735195371,0.0375361668053884,0.133868448685105,0.00461711333217626,1.03435112703432,FULL_REFERENCE,632,152706,,,,,,7259,0.0475357877228138,0.896364377699104,0.317101765369106,0.0375166895989201,0.133785389450831,0.00291687018019252,1.03064272278014,-0.000151174970938306,-0.000761030173734689,1.94772064683185e-05,8.30592342743741e-05,,,,,,0.00170024315198374,0.00370840425417729
TEST_2023,2023,craniotomy_craniectomy_final,Craniotomy/craniectomy,NO_GCS_AIRWAY_QUALIFIERS,561,152706,,,,,,7259,0.0475357877228138,0.896234378144728,0.317814788105591,0.0375207363121262,0.133846227398265,0.00275260851692778,1.03761820218378,FULL_REFERENCE,632,152706,,,,,,7259,0.0475357877228138,0.896364377699104,0.317101765369106,0.0375166895989201,0.133785389450831,0.00291687018019252,1.03064272278014,-0.000129999554375648,0.000713022736485436,4.04671320604344e-06,6.08379474340559e-05,,,,,,-0.000164261663264736,0.0069754794036343
TEST_2023,2023,craniotomy_craniectomy_final,Craniotomy/craniectomy,NO_AIRWAY_PROXY_SET,633,152706,,,,,,7259,0.0475357877228138,0.896073089513726,0.314992747417093,0.037567279539773,0.13395574195935,0.00414667863285607,1.0322232517737,FULL_REFERENCE,632,152706,,,,,,7259,0.0475357877228138,0.896364377699104,0.317101765369106,0.0375166895989201,0.133785389450831,0.00291687018019252,1.03064272278014,-0.000291288185378269,-0.00210901795201252,5.05899408528646e-05,0.0001703525085196,,,,,,0.00122980845266355,0.0015805289935571
TEST_2023,2023,craniotomy_craniectomy_final,Craniotomy/craniectomy,NO_HELMET,594,152706,,,,,,7259,0.0475357877228138,0.896365836782577,0.318358019687987,0.0375101650517237,0.133792255558189,0.00569407310734504,1.0346355280425,FULL_REFERENCE,632,152706,,,,,,7259,0.0475357877228138,0.896364377699104,0.317101765369106,0.0375166895989201,0.133785389450831,0.00291687018019252,1.03064272278014,1.45908347348733e-06,0.00125625431888082,-6.52454719636542e-06,6.86610735795012e-06,,,,,,0.00277720292715253,0.0039928052623559
TEST_2023,2023,craniotomy_craniectomy_final,Craniotomy/craniectomy,NO_MECHANISM_HELMET,605,152706,,,,,,7259,0.0475357877228138,0.893074119367139,0.308862223022064,0.0377941886631073,0.135144541283384,0.00591292149462002,1.03136995730918,FULL_REFERENCE,632,152706,,,,,,7259,0.0475357877228138,0.896364377699104,0.317101765369106,0.0375166895989201,0.133785389450831,0.00291687018019252,1.03064272278014,-0.00329025833196495,-0.00823954234704211,0.000277499064187163,0.00135915183255322,,,,,,0.0029960513144275,0.000727234529037002
TEST_2023,2023,craniotomy_craniectomy_final,Craniotomy/craniectomy,NO_NONCRANIAL_INJURY_PHENOTYPES,604,152706,,,,,,7259,0.0475357877228138,0.895090884813062,0.316006303679464,0.0375735140686027,0.134198398504521,0.000776006760286423,1.03301983656613,FULL_REFERENCE,632,152706,,,,,,7259,0.0475357877228138,0.896364377699104,0.317101765369106,0.0375166895989201,0.133785389450831,0.00291687018019252,1.03064272278014,-0.00127349288604173,-0.00109546168964153,5.68244696825745e-05,0.000413009053689961,,,,,,-0.00214086341990609,0.00237711378598493
TEST_2023,2023,craniotomy_craniectomy_final,Craniotomy/craniectomy,NO_PMHX,431,152706,,,,,,7259,0.0475357877228138,0.894937332497418,0.314848791696975,0.03761715369424,0.134371512582916,0.0010489108498996,1.05120836245997,FULL_REFERENCE,632,152706,,,,,,7259,0.0475357877228138,0.896364377699104,0.317101765369106,0.0375166895989201,0.133785389450831,0.00291687018019252,1.03064272278014,-0.00142704520168524,-0.00225297367213057,0.000100464095319844,0.00058612313208542,,,,,,-0.00186795933029292,0.0205656396798308
TEST_2023,2023,craniotomy_craniectomy_final,Craniotomy/craniectomy,CORE_NEURO,417,152706,,,,,,7259,0.0475357877228138,0.887614386236471,0.301312565809391,0.0380916367399388,0.136992546867,-0.00455683383985241,1.03809218750124,FULL_REFERENCE,632,152706,,,,,,7259,0.0475357877228138,0.896364377699104,0.317101765369106,0.0375166895989201,0.133785389450831,0.00291687018019252,1.03064272278014,-0.00874999146263311,-0.0157891995597151,0.000574947141018731,0.00320715741616881,,,,,,-0.00747370402004493,0.00744946472110009
TEST_2023,2023,craniotomy_craniectomy_final,Craniotomy/craniectomy,CORE_NEURO_PLUS_RESP,372,152706,,,,,,7259,0.0475357877228138,0.887731139908097,0.303693403526731,0.0380268588646516,0.136856322748388,-0.00379282692698686,1.04577158031022,FULL_REFERENCE,632,152706,,,,,,7259,0.0475357877228138,0.896364377699104,0.317101765369106,0.0375166895989201,0.133785389450831,0.00291687018019252,1.03064272278014,-0.00863323779100678,-0.0134083618423747,0.000510169265731504,0.00307093329755737,,,,,,-0.00670969710717938,0.015128857530079
TEST_2023,2023,discharge_3cat_final,Disposition,FULL_REFERENCE,1056,152706,0.739898890678821,0.579008501476312,0.346970944021697,0.862298555987939,0.733242261990368,,,,,,,,,FULL_REFERENCE,1056,152706,0.739898890678821,0.579008501476312,0.346970944021697,0.862298555987939,0.733242261990368,,,,,,,,,,,,,0,0,0,0,0,,
TEST_2023,2023,discharge_3cat_final,Disposition,NO_RESP_ASSISTANCE,965,152706,0.739774468586696,0.579417515149491,0.347212684550012,0.862110087517403,0.732748190479116,,,,,,,,,FULL_REFERENCE,1056,152706,0.739898890678821,0.579008501476312,0.346970944021697,0.862298555987939,0.733242261990368,,,,,,,,,,,,,-0.00012442209212471,0.000409013673179137,0.000241740528315104,-0.000188468470535663,-0.00049407151125247,,
TEST_2023,2023,discharge_3cat_final,Disposition,NO_RESP_SUPPORT,965,152706,0.739139261063743,0.580081071889711,0.347574491321138,0.861784062055566,0.732370621897501,,,,,,,,,FULL_REFERENCE,1056,152706,0.739898890678821,0.579008501476312,0.346970944021697,0.862298555987939,0.733242261990368,,,,,,,,,,,,,-0.000759629615077362,0.00107257041339959,0.000603547299441454,-0.000514493932372351,-0.000871640092867332,,
TEST_2023,2023,discharge_3cat_final,Disposition,NO_GCS_AIRWAY_QUALIFIERS,965,152706,0.739571464120598,0.579927321886883,0.347476198092934,0.861995560639417,0.73228804415759,,,,,,,,,FULL_REFERENCE,1056,152706,0.739898890678821,0.579008501476312,0.346970944021697,0.862298555987939,0.733242261990368,,,,,,,,,,,,,-0.000327426558223043,0.000918820410571453,0.000505254071237471,-0.000302995348521407,-0.00095421783277827,,
TEST_2023,2023,discharge_3cat_final,Disposition,NO_AIRWAY_PROXY_SET,968,152706,0.739008290440454,0.581170868025503,0.348151216673395,0.861408746682036,0.731305086809136,,,,,,,,,FULL_REFERENCE,1056,152706,0.739898890678821,0.579008501476312,0.346970944021697,0.862298555987939,0.733242261990368,,,,,,,,,,,,,-0.000890600238366512,0.00216236654919144,0.00118027265169895,-0.000889809305902767,-0.00193717518123193,,
TEST_2023,2023,discharge_3cat_final,Disposition,NO_HELMET,996,152706,0.739414299372651,0.579412626609581,0.347251775156658,0.862029447385158,0.732844972452281,,,,,,,,,FULL_REFERENCE,1056,152706,0.739898890678821,0.579008501476312,0.346970944021697,0.862298555987939,0.733242261990368,,,,,,,,,,,,,-0.000484591306170068,0.000404125133269706,0.000280831134961412,-0.000269108602780177,-0.000397289538086598,,
TEST_2023,2023,discharge_3cat_final,Disposition,NO_MECHANISM_HELMET,887,152706,0.7385760873836,0.582907604746136,0.348935103896066,0.860395163960138,0.730313850590487,,,,,,,,,FULL_REFERENCE,1056,152706,0.739898890678821,0.579008501476312,0.346970944021697,0.862298555987939,0.733242261990368,,,,,,,,,,,,,-0.00132280329522094,0.00389910326982434,0.00196415987436932,-0.00190339202780065,-0.00292841139988076,,
TEST_2023,2023,discharge_3cat_final,Disposition,NO_NONCRANIAL_INJURY_PHENOTYPES,974,152706,0.729244430474245,0.601896307731217,0.360997079829695,0.847280800467261,0.714600372275703,,,,,,,,,FULL_REFERENCE,1056,152706,0.739898890678821,0.579008501476312,0.346970944021697,0.862298555987939,0.733242261990368,,,,,,,,,,,,,-0.0106544602045762,0.0228878062549052,0.0140261358079981,-0.0150177555206774,-0.0186418897146652,,
TEST_2023,2023,discharge_3cat_final,Disposition,NO_PMHX,828,152706,0.736971697248307,0.588835474898183,0.352376247609711,0.856230635449091,0.726507616485451,,,,,,,,,FULL_REFERENCE,1056,152706,0.739898890678821,0.579008501476312,0.346970944021697,0.862298555987939,0.733242261990368,,,,,,,,,,,,,-0.00292719343051351,0.00982697342187189,0.00540530358801411,-0.00606792053884742,-0.00673464550491709,,
TEST_2023,2023,discharge_3cat_final,Disposition,CORE_NEURO,619,152706,0.722499443374851,0.620956382500344,0.371928430774424,0.835073050801705,0.697763433076947,,,,,,,,,FULL_REFERENCE,1056,152706,0.739898890678821,0.579008501476312,0.346970944021697,0.862298555987939,0.733242261990368,,,,,,,,,,,,,-0.0173994473039697,0.0419478810240327,0.0249574867527275,-0.0272255051862337,-0.0354788289134206,,
TEST_2023,2023,discharge_3cat_final,Disposition,CORE_NEURO_PLUS_RESP,662,152706,0.724385420350215,0.618416353629067,0.370397266529584,0.836766184080964,0.699831685613887,,,,,,,,,FULL_REFERENCE,1056,152706,0.739898890678821,0.579008501476312,0.346970944021697,0.862298555987939,0.733242261990368,,,,,,,,,,,,,-0.0155134703286053,0.0394078521527551,0.0234263225078878,-0.0255323719069747,-0.0334105763764805,,
TEST_2023,2023,hlos_trajectory_final,Hospital LOS trajectory,FULL_REFERENCE,1023,152527,0.747546336058534,0.582442339271504,0.348249174635501,0.81403348113008,0.552469884653543,,,,,,,,,FULL_REFERENCE,1023,152527,0.747546336058534,0.582442339271504,0.348249174635501,0.81403348113008,0.552469884653543,,,,,,,,,,,,,0,0,0,0,0,,
TEST_2023,2023,hlos_trajectory_final,Hospital LOS trajectory,NO_RESP_ASSISTANCE,1091,152527,0.747638123086404,0.582535309534875,0.348316388001898,0.81394441148869,0.552079048922183,,,,,,,,,FULL_REFERENCE,1023,152527,0.747546336058534,0.582442339271504,0.348249174635501,0.81403348113008,0.552469884653543,,,,,,,,,,,,,9.17870278704935e-05,9.29702633715168e-05,6.72133663970898e-05,-8.90696413899939e-05,-0.000390835731360562,,
TEST_2023,2023,hlos_trajectory_final,Hospital LOS trajectory,NO_RESP_SUPPORT,1059,152527,0.746707140375147,0.583391599028475,0.348894325184788,0.813277654013963,0.551332521463669,,,,,,,,,FULL_REFERENCE,1023,152527,0.747546336058534,0.582442339271504,0.348249174635501,0.81403348113008,0.552469884653543,,,,,,,,,,,,,-0.000839195683387195,0.000949259756971244,0.000645150549287654,-0.000755827116117436,-0.00113736318987434,,
TEST_2023,2023,hlos_trajectory_final,Hospital LOS trajectory,NO_GCS_AIRWAY_QUALIFIERS,1010,152527,0.747028394972693,0.58309879041811,0.34861436861404,0.813464672264007,0.551604405685987,,,,,,,,,FULL_REFERENCE,1023,152527,0.747546336058534,0.582442339271504,0.348249174635501,0.81403348113008,0.552469884653543,,,,,,,,,,,,,-0.000517941085840579,0.000656451146606396,0.00036519397853968,-0.000568808866073356,-0.000865478967555733,,
TEST_2023,2023,hlos_trajectory_final,Hospital LOS trajectory,NO_AIRWAY_PROXY_SET,950,152527,0.747002170107588,0.584043114637134,0.349231757813694,0.812748285823261,0.550640342171361,,,,,,,,,FULL_REFERENCE,1023,152527,0.747546336058534,0.582442339271504,0.348249174635501,0.81403348113008,0.552469884653543,,,,,,,,,,,,,-0.000544165950946418,0.00160077536563064,0.000982583178193386,-0.0012851953068197,-0.00182954248218215,,
TEST_2023,2023,hlos_trajectory_final,Hospital LOS trajectory,NO_HELMET,1021,152527,0.747533223625981,0.582660458900955,0.348353063800443,0.81381043825042,0.552406692098478,,,,,,,,,FULL_REFERENCE,1023,152527,0.747546336058534,0.582442339271504,0.348249174635501,0.81403348113008,0.552469884653543,,,,,,,,,,,,,-1.31124325529752e-05,0.000218119629451397,0.000103889164942805,-0.00022304287966024,-6.31925550651502e-05,,
TEST_2023,2023,hlos_trajectory_final,Hospital LOS trajectory,NO_MECHANISM_HELMET,895,152527,0.746451447940365,0.585334854608351,0.349706613657305,0.811648475846407,0.549898551328722,,,,,,,,,FULL_REFERENCE,1023,152527,0.747546336058534,0.582442339271504,0.348249174635501,0.81403348113008,0.552469884653543,,,,,,,,,,,,,-0.00109488811816927,0.00289251533684709,0.00145743902180412,-0.0023850052836738,-0.00257133332482118,,
TEST_2023,2023,hlos_trajectory_final,Hospital LOS trajectory,NO_NONCRANIAL_INJURY_PHENOTYPES,872,152527,0.738387301920316,0.608354601065748,0.363559361955453,0.790420988765075,0.530491111192231,,,,,,,,,FULL_REFERENCE,1023,152527,0.747546336058534,0.582442339271504,0.348249174635501,0.81403348113008,0.552469884653543,,,,,,,,,,,,,-0.00915903413821817,0.0259122617942446,0.0153101873199526,-0.0236124923650048,-0.0219787734613121,,
TEST_2023,2023,hlos_trajectory_final,Hospital LOS trajectory,NO_PMHX,1018,152527,0.746372773345047,0.58718986656281,0.351114316847346,0.809391692157106,0.549465497006216,,,,,,,,,FULL_REFERENCE,1023,152527,0.747546336058534,0.582442339271504,0.348249174635501,0.81403348113008,0.552469884653543,,,,,,,,,,,,,-0.00117356271348679,0.00474752729130656,0.00286514221184514,-0.00464178897297429,-0.00300438764732702,,
TEST_2023,2023,hlos_trajectory_final,Hospital LOS trajectory,CORE_NEURO,739,152527,0.73354225809201,0.622940737190249,0.37244515800399,0.775254670100298,0.51672911990328,,,,,,,,,FULL_REFERENCE,1023,152527,0.747546336058534,0.582442339271504,0.348249174635501,0.81403348113008,0.552469884653543,,,,,,,,,,,,,-0.014004077966524,0.0404983979187457,0.0241959833684898,-0.0387788110297824,-0.0357407647502629,,
TEST_2023,2023,hlos_trajectory_final,Hospital LOS trajectory,CORE_NEURO_PLUS_RESP,715,152527,0.734460128370715,0.620157864915893,0.370624782613091,0.778262369169816,0.519861145567808,,,,,,,,,FULL_REFERENCE,1023,152527,0.747546336058534,0.582442339271504,0.348249174635501,0.81403348113008,0.552469884653543,,,,,,,,,,,,,-0.0130862076878192,0.0377155256443897,0.0223756079775902,-0.0357711119602638,-0.0326087390857353,,
TEST_2023,2023,icp_pressure_monitor_final,Invasive ICP monitoring,FULL_REFERENCE,536,152706,,,,,,5959,0.039022697209016,0.924481731308073,0.355503744746162,0.0294811548854883,0.10514968955455,-0.116478626643058,1.00362278352209,FULL_REFERENCE,536,152706,,,,,,5959,0.039022697209016,0.924481731308073,0.355503744746162,0.0294811548854883,0.10514968955455,-0.116478626643058,1.00362278352209,0,0,0,0,,,,,,0,0
TEST_2023,2023,icp_pressure_monitor_final,Invasive ICP monitoring,NO_RESP_ASSISTANCE,543,152706,,,,,,5959,0.039022697209016,0.924447574438148,0.356098699475022,0.0294883472711232,0.105175241956795,-0.116275442738642,1.00425615384991,FULL_REFERENCE,536,152706,,,,,,5959,0.039022697209016,0.924481731308073,0.355503744746162,0.0294811548854883,0.10514968955455,-0.116478626643058,1.00362278352209,-3.41568699255834e-05,0.000594954728859953,7.19238563492985e-06,2.55524022449716e-05,,,,,,0.000203183904416107,0.000633370327816296
TEST_2023,2023,icp_pressure_monitor_final,Invasive ICP monitoring,NO_RESP_SUPPORT,428,152706,,,,,,5959,0.039022697209016,0.924136820566822,0.356077848358883,0.0294811999668928,0.105260008162575,-0.115263331336114,1.01113444112996,FULL_REFERENCE,536,152706,,,,,,5959,0.039022697209016,0.924481731308073,0.355503744746162,0.0294811548854883,0.10514968955455,-0.116478626643058,1.00362278352209,-0.000344910741251314,0.000574103612720422,4.50814044983261e-08,0.000110318608025017,,,,,,0.00121529530694388,0.00751165760787331
TEST_2023,2023,icp_pressure_monitor_final,Invasive ICP monitoring,NO_GCS_AIRWAY_QUALIFIERS,461,152706,,,,,,5959,0.039022697209016,0.924261612243393,0.355977269598644,0.0294867324841924,0.105242120404388,-0.117388362899063,1.00742102638447,FULL_REFERENCE,536,152706,,,,,,5959,0.039022697209016,0.924481731308073,0.355503744746162,0.0294811548854883,0.10514968955455,-0.116478626643058,1.00362278352209,-0.000220119064680224,0.000473524852481866,5.57759870406516e-06,9.24308498377185e-05,,,,,,-0.000909736256004851,0.00379824286238462
TEST_2023,2023,icp_pressure_monitor_final,Invasive ICP monitoring,NO_AIRWAY_PROXY_SET,423,152706,,,,,,5959,0.039022697209016,0.923959672900622,0.353959819183205,0.0295132558750386,0.105390621834879,-0.116256001483524,1.01098550507808,FULL_REFERENCE,536,152706,,,,,,5959,0.039022697209016,0.924481731308073,0.355503744746162,0.0294811548854883,0.10514968955455,-0.116478626643058,1.00362278352209,-0.000522058407451675,-0.00154392556295746,3.21009895503099e-05,0.000240932280329328,,,,,,0.00022262515953389,0.00736272155598639
TEST_2023,2023,icp_pressure_monitor_final,Invasive ICP monitoring,NO_HELMET,534,152706,,,,,,5959,0.039022697209016,0.924628483831343,0.35505701741542,0.0294969167557622,0.105133857305191,-0.116220218477929,1.00340472926885,FULL_REFERENCE,536,152706,,,,,,5959,0.039022697209016,0.924481731308073,0.355503744746162,0.0294811548854883,0.10514968955455,-0.116478626643058,1.00362278352209,0.000146752523270011,-0.000446727330742469,1.57618702738872e-05,-1.5832249358555e-05,,,,,,0.000258408165128787,-0.000218054253239508
TEST_2023,2023,icp_pressure_monitor_final,Invasive ICP monitoring,NO_MECHANISM_HELMET,417,152706,,,,,,5959,0.039022697209016,0.923366977619593,0.349641946392875,0.0296305011657798,0.105751836254576,-0.115562846813883,1.01131377655327,FULL_REFERENCE,536,152706,,,,,,5959,0.039022697209016,0.924481731308073,0.355503744746162,0.0294811548854883,0.10514968955455,-0.116478626643058,1.00362278352209,-0.00111475368848024,-0.00586179835328704,0.000149346280291483,0.000602146700026479,,,,,,0.000915779829174526,0.00769099303118459
TEST_2023,2023,icp_pressure_monitor_final,Invasive ICP monitoring,NO_NONCRANIAL_INJURY_PHENOTYPES,484,152706,,,,,,5959,0.039022697209016,0.92379203161427,0.354876831598067,0.0295117826307885,0.105366084642519,-0.11639560957851,1.00558521868406,FULL_REFERENCE,536,152706,,,,,,5959,0.039022697209016,0.924481731308073,0.355503744746162,0.0294811548854883,0.10514968955455,-0.116478626643058,1.00362278352209,-0.000689699693803725,-0.000626913148094821,3.06277453002123e-05,0.00021639508796871,,,,,,8.30170645482325e-05,0.00196243516197558
TEST_2023,2023,icp_pressure_monitor_final,Invasive ICP monitoring,NO_PMHX,416,152706,,,,,,5959,0.039022697209016,0.924028771119792,0.354682466783133,0.0295015812489893,0.105342472854198,-0.117354577503319,1.00943915211723,FULL_REFERENCE,536,152706,,,,,,5959,0.039022697209016,0.924481731308073,0.355503744746162,0.0294811548854883,0.10514968955455,-0.116478626643058,1.00362278352209,-0.000452960188281781,-0.000821277963029721,2.0426363500959e-05,0.00019278329964785,,,,,,-0.000875950860261474,0.00581636859513957
TEST_2023,2023,icp_pressure_monitor_final,Invasive ICP monitoring,CORE_NEURO,366,152706,,,,,,5959,0.039022697209016,0.920434539607551,0.33648368525027,0.029962615116063,0.107145451086069,-0.114000422637791,1.01033053248562,FULL_REFERENCE,536,152706,,,,,,5959,0.039022697209016,0.924481731308073,0.355503744746162,0.0294811548854883,0.10514968955455,-0.116478626643058,1.00362278352209,-0.00404719170052259,-0.0190200594958923,0.000481460230574726,0.00199576153151926,,,,,,0.00247820400526701,0.00670774896353277
TEST_2023,2023,icp_pressure_monitor_final,Invasive ICP monitoring,CORE_NEURO_PLUS_RESP,352,152706,,,,,,5959,0.039022697209016,0.920922442288633,0.338957837745485,0.0299109094083035,0.106907435655567,-0.11370864979289,1.01490042970221,FULL_REFERENCE,536,152706,,,,,,5959,0.039022697209016,0.924481731308073,0.355503744746162,0.0294811548854883,0.10514968955455,-0.116478626643058,1.00362278352209,-0.00355928901944069,-0.0165459070006773,0.000429754522815243,0.00175774610101691,,,,,,0.00276997685016793,0.011277646180119
TEST_2023,2023,icu_trajectory_final,ICU trajectory,FULL_REFERENCE,1042,152706,0.670942857517059,0.683520735090136,0.419785194266861,0.831670930555241,0.673155021871992,,,,,,,,,FULL_REFERENCE,1042,152706,0.670942857517059,0.683520735090136,0.419785194266861,0.831670930555241,0.673155021871992,,,,,,,,,,,,,0,0,0,0,0,,
TEST_2023,2023,icu_trajectory_final,ICU trajectory,NO_RESP_ASSISTANCE,1043,152706,0.670510654460205,0.683749796552099,0.419938721313036,0.831571321803496,0.672794732579247,,,,,,,,,FULL_REFERENCE,1042,152706,0.670942857517059,0.683520735090136,0.419785194266861,0.831670930555241,0.673155021871992,,,,,,,,,,,,,-0.00043220305685443,0.00022906146196322,0.000153527046175606,-9.96087517444177e-05,-0.000360289292744898,,
TEST_2023,2023,icu_trajectory_final,ICU trajectory,NO_RESP_SUPPORT,1035,152706,0.670189776433146,0.685767520726699,0.421063348077726,0.830585104092273,0.671380609635915,,,,,,,,,FULL_REFERENCE,1042,152706,0.670942857517059,0.683520735090136,0.419785194266861,0.831670930555241,0.673155021871992,,,,,,,,,,,,,-0.000753081083912921,0.00224678563656289,0.00127815381086543,-0.00108582646296806,-0.00177441223607699,,
TEST_2023,2023,icu_trajectory_final,ICU trajectory,NO_GCS_AIRWAY_QUALIFIERS,1025,152706,0.670726755988632,0.683935754210717,0.41998167290898,0.831500965478212,0.672621491849404,,,,,,,,,FULL_REFERENCE,1042,152706,0.670942857517059,0.683520735090136,0.419785194266861,0.831670930555241,0.673155021871992,,,,,,,,,,,,,-0.000216101528427215,0.000415019120580951,0.000196478642119524,-0.000169965077029266,-0.000533530022587381,,
TEST_2023,2023,icu_trajectory_final,ICU trajectory,NO_AIRWAY_PROXY_SET,1026,152706,0.669809961625607,0.686444823035475,0.42144351586745,0.830276040989827,0.670655664193043,,,,,,,,,FULL_REFERENCE,1042,152706,0.670942857517059,0.683520735090136,0.419785194266861,0.831670930555241,0.673155021871992,,,,,,,,,,,,,-0.0011328958914516,0.00292408794533916,0.00165832160058932,-0.00139488956541411,-0.00249935767894827,,
TEST_2023,2023,icu_trajectory_final,ICU trajectory,NO_HELMET,1038,152706,0.670883920736579,0.683631246876029,0.419853081707442,0.831622691439062,0.672904067791138,,,,,,,,,FULL_REFERENCE,1042,152706,0.670942857517059,0.683520735090136,0.419785194266861,0.831670930555241,0.673155021871992,,,,,,,,,,,,,-5.89367804801899e-05,0.000110511785892498,6.78874405813934e-05,-4.82391161785722e-05,-0.00025095408085396,,
TEST_2023,2023,icu_trajectory_final,ICU trajectory,NO_MECHANISM_HELMET,973,152706,0.670320747056435,0.685730573604634,0.420918702699722,0.830550451702713,0.670605385896157,,,,,,,,,FULL_REFERENCE,1042,152706,0.670942857517059,0.683520735090136,0.419785194266861,0.831670930555241,0.673155021871992,,,,,,,,,,,,,-0.000622110460623659,0.00220983851449796,0.00113350843286109,-0.00112047885252764,-0.00254963597583513,,
TEST_2023,2023,icu_trajectory_final,ICU trajectory,NO_NONCRANIAL_INJURY_PHENOTYPES,1014,152706,0.665219441279321,0.703468609919012,0.429385214540378,0.821559246548584,0.659613682920182,,,,,,,,,FULL_REFERENCE,1042,152706,0.670942857517059,0.683520735090136,0.419785194266861,0.831670930555241,0.673155021871992,,,,,,,,,,,,,-0.00572341623773787,0.0199478748288762,0.00960002027351714,-0.0101116840066569,-0.0135413389518094,,
TEST_2023,2023,icu_trajectory_final,ICU trajectory,NO_PMHX,957,152706,0.66614278417351,0.688122449734964,0.422659594433508,0.82836990465405,0.669235419087295,,,,,,,,,FULL_REFERENCE,1042,152706,0.670942857517059,0.683520735090136,0.419785194266861,0.831670930555241,0.673155021871992,,,,,,,,,,,,,-0.00480007334354904,0.00460171464482739,0.00287440016664736,-0.00330102590119108,-0.00391960278469683,,
TEST_2023,2023,icu_trajectory_final,ICU trajectory,CORE_NEURO,755,152706,0.655809201995992,0.718160945310144,0.437559161891861,0.812429274755307,0.646177094907679,,,,,,,,,FULL_REFERENCE,1042,152706,0.670942857517059,0.683520735090136,0.419785194266861,0.831670930555241,0.673155021871992,,,,,,,,,,,,,-0.0151336555210666,0.0346402102200083,0.0177739676250008,-0.0192416557999334,-0.0269779269643122,,
TEST_2023,2023,icu_trajectory_final,ICU trajectory,CORE_NEURO_PLUS_RESP,712,152706,0.65747907744293,0.714350659834822,0.435590396009913,0.814589309159769,0.649054386770283,,,,,,,,,FULL_REFERENCE,1042,152706,0.670942857517059,0.683520735090136,0.419785194266861,0.831670930555241,0.673155021871992,,,,,,,,,,,,,-0.0134637800741294,0.0308299247446856,0.0158052017430527,-0.0170816213954721,-0.0241006351017083,,
TEST_2023,2023,ventilation_trajectory_final,Mechanical ventilation trajectory,FULL_REFERENCE,923,152706,0.87046350503582,0.346786740390891,0.187963483730524,0.920344428109121,0.698408163573889,,,,,,,,,FULL_REFERENCE,923,152706,0.87046350503582,0.346786740390891,0.187963483730524,0.920344428109121,0.698408163573889,,,,,,,,,,,,,0,0,0,0,0,,
TEST_2023,2023,ventilation_trajectory_final,Mechanical ventilation trajectory,NO_RESP_ASSISTANCE,1034,152706,0.870090238759446,0.347358235122993,0.188304665982176,0.920228450962432,0.697633954002794,,,,,,,,,FULL_REFERENCE,923,152706,0.87046350503582,0.346786740390891,0.187963483730524,0.920344428109121,0.698408163573889,,,,,,,,,,,,,-0.00037326627637424,0.000571494732102384,0.000341182251652222,-0.000115977146689428,-0.000774209571094864,,
TEST_2023,2023,ventilation_trajectory_final,Mechanical ventilation trajectory,NO_RESP_SUPPORT,958,152706,0.869998559323144,0.349086044398,0.189057210607883,0.919306473272844,0.696549850813758,,,,,,,,,FULL_REFERENCE,923,152706,0.87046350503582,0.346786740390891,0.187963483730524,0.920344428109121,0.698408163573889,,,,,,,,,,,,,-0.000464945712676634,0.00229930400710937,0.00109372687735948,-0.00103795483627744,-0.00185831276013038,,
TEST_2023,2023,ventilation_trajectory_final,Mechanical ventilation trajectory,NO_GCS_AIRWAY_QUALIFIERS,845,152706,0.870384922661847,0.347645761474073,0.188440593924093,0.920040070244002,0.69737265238023,,,,,,,,,FULL_REFERENCE,923,152706,0.87046350503582,0.346786740390891,0.187963483730524,0.920344428109121,0.698408163573889,,,,,,,,,,,,,-7.85823739735125e-05,0.00085902108318231,0.000477110193569136,-0.000304357865118732,-0.00103551119365841,,
TEST_2023,2023,ventilation_trajectory_final,Mechanical ventilation trajectory,NO_AIRWAY_PROXY_SET,808,152706,0.869278220895053,0.351033009569371,0.19003048130465,0.91863891615037,0.694384565893417,,,,,,,,,FULL_REFERENCE,923,152706,0.87046350503582,0.346786740390891,0.187963483730524,0.920344428109121,0.698408163573889,,,,,,,,,,,,,-0.00118528414076724,0.0042462691784802,0.00206699757412632,-0.00170551195875102,-0.00402359768047111,,
TEST_2023,2023,ventilation_trajectory_final,Mechanical ventilation trajectory,NO_HELMET,988,152706,0.870188466726913,0.346889178878147,0.188044329720178,0.920281743561998,0.697858092535614,,,,,,,,,FULL_REFERENCE,923,152706,0.87046350503582,0.346786740390891,0.187963483730524,0.920344428109121,0.698408163573889,,,,,,,,,,,,,-0.000275038308907294,0.000102438487256551,8.08459896547709e-05,-6.26845471233262e-05,-0.000550071038274203,,
TEST_2023,2023,ventilation_trajectory_final,Mechanical ventilation trajectory,NO_MECHANISM_HELMET,848,152706,0.870083690228282,0.348663150892045,0.188910459241275,0.919342446928579,0.694935194898553,,,,,,,,,FULL_REFERENCE,923,152706,0.87046350503582,0.346786740390891,0.187963483730524,0.920344428109121,0.698408163573889,,,,,,,,,,,,,-0.000379814807538681,0.00187641050115434,0.000946975510751597,-0.00100198118054207,-0.00347296867533542,,
TEST_2023,2023,ventilation_trajectory_final,Mechanical ventilation trajectory,NO_NONCRANIAL_INJURY_PHENOTYPES,877,152706,0.869337157675533,0.354321967047957,0.190671234449741,0.914689473326404,0.691838996323115,,,,,,,,,FULL_REFERENCE,923,152706,0.87046350503582,0.346786740390891,0.187963483730524,0.920344428109121,0.698408163573889,,,,,,,,,,,,,-0.00112634736028716,0.00753522665706607,0.00270775071921689,-0.00565495478271738,-0.00656916725077328,,
TEST_2023,2023,ventilation_trajectory_final,Mechanical ventilation trajectory,NO_PMHX,847,152706,0.870208112320407,0.348937846914974,0.188756595205713,0.918767815171386,0.697042420769003,,,,,,,,,FULL_REFERENCE,923,152706,0.87046350503582,0.346786740390891,0.187963483730524,0.920344428109121,0.698408163573889,,,,,,,,,,,,,-0.000255392715413971,0.00215110652408318,0.00079311147518954,-0.00157661293773548,-0.00136574280488522,,
TEST_2023,2023,ventilation_trajectory_final,Mechanical ventilation trajectory,CORE_NEURO,731,152706,0.866599871648789,0.366340696649372,0.196126273057569,0.907594989017027,0.677592212311206,,,,,,,,,FULL_REFERENCE,923,152706,0.87046350503582,0.346786740390891,0.187963483730524,0.920344428109121,0.698408163573889,,,,,,,,,,,,,-0.00386363338703133,0.019553956258481,0.00816278932704545,-0.012749439092094,-0.020815951262683,,
TEST_2023,2023,ventilation_trajectory_final,Mechanical ventilation trajectory,CORE_NEURO_PLUS_RESP,691,152706,0.867235079171742,0.361787003360673,0.194173492401239,0.910019596904203,0.680912957017332,,,,,,,,,FULL_REFERENCE,923,152706,0.87046350503582,0.346786740390891,0.187963483730524,0.920344428109121,0.698408163573889,,,,,,,,,,,,,-0.00322842586407868,0.0150002629697826,0.00621000867071506,-0.0103248312049181,-0.0174952065565565,,
TEST_2024,2024,craniotomy_craniectomy_final,Craniotomy/craniectomy,FULL_REFERENCE,645,151874,,,,,,7211,0.0474801480174355,0.893899442223656,0.319091188114502,0.0374300435653835,0.134157670903471,-0.00686096129599231,1.0427463457453,FULL_REFERENCE,645,151874,,,,,,7211,0.0474801480174355,0.893899442223656,0.319091188114502,0.0374300435653835,0.134157670903471,-0.00686096129599231,1.0427463457453,0,0,0,0,,,,,,0,0
TEST_2024,2024,craniotomy_craniectomy_final,Craniotomy/craniectomy,NO_RESP_ASSISTANCE,646,151874,,,,,,7211,0.0474801480174355,0.893991733481391,0.319039660986719,0.0374191287543733,0.134111878695114,-0.00686396737527277,1.04451397760194,FULL_REFERENCE,645,151874,,,,,,7211,0.0474801480174355,0.893899442223656,0.319091188114502,0.0374300435653835,0.134157670903471,-0.00686096129599231,1.0427463457453,9.22912577350221e-05,-5.152712778278e-05,-1.09148110102528e-05,-4.57922083577644e-05,,,,,,-3.00607928045704e-06,0.00176763185663842
TEST_2024,2024,craniotomy_craniectomy_final,Craniotomy/craniectomy,NO_RESP_SUPPORT,783,151874,,,,,,7211,0.0474801480174355,0.893978401456806,0.319430782882746,0.0374042192763669,0.134073373860027,-0.0074485612629109,1.03627636504605,FULL_REFERENCE,645,151874,,,,,,7211,0.0474801480174355,0.893899442223656,0.319091188114502,0.0374300435653835,0.134157670903471,-0.00686096129599231,1.0427463457453,7.89592331497113e-05,0.000339594768243912,-2.58242890166238e-05,-8.429704344462e-05,,,,,,-0.000587599966918592,-0.00646998069924987
TEST_2024,2024,craniotomy_craniectomy_final,Craniotomy/craniectomy,NO_GCS_AIRWAY_QUALIFIERS,712,151874,,,,,,7211,0.0474801480174355,0.893939792507952,0.31848499186062,0.0374479266377811,0.134176485516448,-0.00719546860178257,1.04061442162563,FULL_REFERENCE,645,151874,,,,,,7211,0.0474801480174355,0.893899442223656,0.319091188114502,0.0374300435653835,0.134157670903471,-0.00686096129599231,1.0427463457453,4.03502842958314e-05,-0.000606196253882418,1.78830723975773e-05,1.88146129769529e-05,,,,,,-0.000334507305790261,-0.00213192411966689
TEST_2024,2024,craniotomy_craniectomy_final,Craniotomy/craniectomy,NO_AIRWAY_PROXY_SET,769,151874,,,,,,7211,0.0474801480174355,0.893785418064294,0.318765746674953,0.0374302362666409,0.134148277358472,-0.00728184349558404,1.03564053923011,FULL_REFERENCE,645,151874,,,,,,7211,0.0474801480174355,0.893899442223656,0.319091188114502,0.0374300435653835,0.134157670903471,-0.00686096129599231,1.0427463457453,-0.000114024159361792,-0.00032544143954899,1.92701257409333e-07,-9.39354499934764e-06,,,,,,-0.000420882199591731,-0.00710580651518789
TEST_2024,2024,craniotomy_craniectomy_final,Craniotomy/craniectomy,NO_HELMET,724,151874,,,,,,7211,0.0474801480174355,0.893967526857712,0.319001992892236,0.0374223311073591,0.134107619234836,-0.00666206372523514,1.03984486136066,FULL_REFERENCE,645,151874,,,,,,7211,0.0474801480174355,0.893899442223656,0.319091188114502,0.0374300435653835,0.134157670903471,-0.00686096129599231,1.0427463457453,6.80846340559427e-05,-8.91952222659143e-05,-7.71245802445864e-06,-5.00516686356145e-05,,,,,,0.000198897570757165,-0.00290148438464177
TEST_2024,2024,craniotomy_craniectomy_final,Craniotomy/craniectomy,NO_MECHANISM_HELMET,464,151874,,,,,,7211,0.0474801480174355,0.890382398538023,0.312010590974055,0.0376692324605105,0.135458847324435,-0.00947815860705452,1.05330658391751,FULL_REFERENCE,645,151874,,,,,,7211,0.0474801480174355,0.893899442223656,0.319091188114502,0.0374300435653835,0.134157670903471,-0.00686096129599231,1.0427463457453,-0.00351704368563333,-0.00708059714044718,0.000239188895126946,0.00130117642096328,,,,,,-0.00261719731106222,0.0105602381722116
TEST_2024,2024,craniotomy_craniectomy_final,Craniotomy/craniectomy,NO_NONCRANIAL_INJURY_PHENOTYPES,751,151874,,,,,,7211,0.0474801480174355,0.892900016814504,0.316570091030481,0.0374967538170721,0.134478765361173,-0.0109469428775003,1.03841395822268,FULL_REFERENCE,645,151874,,,,,,7211,0.0474801480174355,0.893899442223656,0.319091188114502,0.0374300435653835,0.134157670903471,-0.00686096129599231,1.0427463457453,-0.000999425409152543,-0.00252109708402076,6.67102516886328e-05,0.000321094457702037,,,,,,-0.00408598158150801,-0.00433238752262466
TEST_2024,2024,craniotomy_craniectomy_final,Craniotomy/craniectomy,NO_PMHX,628,151874,,,,,,7211,0.0474801480174355,0.892573582324343,0.317798888845579,0.0374940899168961,0.134582975718358,-0.00755471804975312,1.04580484196861,FULL_REFERENCE,645,151874,,,,,,7211,0.0474801480174355,0.893899442223656,0.319091188114502,0.0374300435653835,0.134157670903471,-0.00686096129599231,1.0427463457453,-0.00132585989931322,-0.00129229926892366,6.40463515125742e-05,0.000425304814886424,,,,,,-0.000693756753760807,0.00305849622330667
TEST_2024,2024,craniotomy_craniectomy_final,Craniotomy/craniectomy,CORE_NEURO,469,151874,,,,,,7211,0.0474801480174355,0.885670576818386,0.304645897376236,0.0379182396216128,0.136932050432714,-0.0153875875049763,1.05064700735836,FULL_REFERENCE,645,151874,,,,,,7211,0.0474801480174355,0.893899442223656,0.319091188114502,0.0374300435653835,0.134157670903471,-0.00686096129599231,1.0427463457453,-0.00822886540527012,-0.0144452907382658,0.000488196056229281,0.00277437952924264,,,,,,-0.00852662620898395,0.00790066161306191
TEST_2024,2024,craniotomy_craniectomy_final,Craniotomy/craniectomy,CORE_NEURO_PLUS_RESP,533,151874,,,,,,7211,0.0474801480174355,0.885800594134834,0.306175213731887,0.0378895117407752,0.136847732449851,-0.0145838720404159,1.0474577551112,FULL_REFERENCE,645,151874,,,,,,7211,0.0474801480174355,0.893899442223656,0.319091188114502,0.0374300435653835,0.134157670903471,-0.00686096129599231,1.0427463457453,-0.00809884808882277,-0.0129159743826157,0.00045946817539165,0.00269006154637988,,,,,,-0.00772291074442363,0.00471140936590087
TEST_2024,2024,discharge_3cat_final,Disposition,FULL_REFERENCE,1284,151874,0.73464187418518,0.587651997366304,0.352925661370904,0.859912401500625,0.732482735462213,,,,,,,,,FULL_REFERENCE,1284,151874,0.73464187418518,0.587651997366304,0.352925661370904,0.859912401500625,0.732482735462213,,,,,,,,,,,,,0,0,0,0,0,,
TEST_2024,2024,discharge_3cat_final,Disposition,NO_RESP_ASSISTANCE,1285,151874,0.734964510054387,0.58784322533946,0.353011914186476,0.859851200379751,0.73233574592758,,,,,,,,,FULL_REFERENCE,1284,151874,0.73464187418518,0.587651997366304,0.352925661370904,0.859912401500625,0.732482735462213,,,,,,,,,,,,,0.000322635869207444,0.000191227973156738,8.62528155725073e-05,-6.12011208738217e-05,-0.00014698953463288,,
TEST_2024,2024,discharge_3cat_final,Disposition,NO_RESP_SUPPORT,1387,151874,0.734187550206092,0.589144095145064,0.353756091765408,0.859144448489074,0.73117647732662,,,,,,,,,FULL_REFERENCE,1284,151874,0.73464187418518,0.587651997366304,0.352925661370904,0.859912401500625,0.732482735462213,,,,,,,,,,,,,-0.000454323979087845,0.00149209777876025,0.000830430394504755,-0.000767953011550748,-0.00130625813559326,,
TEST_2024,2024,discharge_3cat_final,Disposition,NO_GCS_AIRWAY_QUALIFIERS,1284,151874,0.734259978666526,0.588464989470872,0.353359406924057,0.859606470466862,0.731719587192948,,,,,,,,,FULL_REFERENCE,1284,151874,0.73464187418518,0.587651997366304,0.352925661370904,0.859912401500625,0.732482735462213,,,,,,,,,,,,,-0.000381895518653641,0.000812992104568089,0.000433745553152953,-0.000305931033762974,-0.00076314826926549,,
TEST_2024,2024,discharge_3cat_final,Disposition,NO_AIRWAY_PROXY_SET,1167,151874,0.733568616089653,0.589933057671184,0.354120499516924,0.858891321875989,0.730630334079632,,,,,,,,,FULL_REFERENCE,1284,151874,0.73464187418518,0.587651997366304,0.352925661370904,0.859912401500625,0.732482735462213,,,,,,,,,,,,,-0.0010732580955265,0.00228106030488051,0.00119483814601984,-0.00102107962463627,-0.00185240138258092,,
TEST_2024,2024,discharge_3cat_final,Disposition,NO_HELMET,1385,151874,0.734885497188459,0.588134446891242,0.353231286896141,0.859644944128285,0.731918237076813,,,,,,,,,FULL_REFERENCE,1284,151874,0.73464187418518,0.587651997366304,0.352925661370904,0.859912401500625,0.732482735462213,,,,,,,,,,,,,0.00024362300327907,0.000482449524938255,0.000305625525237441,-0.000267457372340019,-0.000564498385400181,,
TEST_2024,2024,discharge_3cat_final,Disposition,NO_MECHANISM_HELMET,1194,151874,0.733515940845701,0.592047610380144,0.355235282682033,0.857784833864633,0.728852214984121,,,,,,,,,FULL_REFERENCE,1284,151874,0.73464187418518,0.587651997366304,0.352925661370904,0.859912401500625,0.732482735462213,,,,,,,,,,,,,-0.00112593333947875,0.00439561301384017,0.00230962131112888,-0.00212756763599165,-0.00363052047809254,,
TEST_2024,2024,discharge_3cat_final,Disposition,NO_NONCRANIAL_INJURY_PHENOTYPES,1288,151874,0.72346155365632,0.610419316424998,0.367374261790221,0.844916104482402,0.713590832874255,,,,,,,,,FULL_REFERENCE,1284,151874,0.73464187418518,0.587651997366304,0.352925661370904,0.859912401500625,0.732482735462213,,,,,,,,,,,,,-0.0111803205288594,0.0227673190586941,0.0144486004193171,-0.0149962970182227,-0.0188919025879584,,
TEST_2024,2024,discharge_3cat_final,Disposition,NO_PMHX,957,151874,0.731626216468915,0.598534009273073,0.359229906713284,0.853128499867528,0.724654096101071,,,,,,,,,FULL_REFERENCE,1284,151874,0.73464187418518,0.587651997366304,0.352925661370904,0.859912401500625,0.732482735462213,,,,,,,,,,,,,-0.00301565771626477,0.0108820119067692,0.00630424534238055,-0.00678390163309672,-0.00782863936114242,,
TEST_2024,2024,discharge_3cat_final,Disposition,CORE_NEURO,790,151874,0.715606357901945,0.630807214054205,0.379333163997843,0.831757570821872,0.695371537126257,,,,,,,,,FULL_REFERENCE,1284,151874,0.73464187418518,0.587651997366304,0.352925661370904,0.859912401500625,0.732482735462213,,,,,,,,,,,,,-0.0190355162832347,0.0431552166879017,0.026407502626939,-0.0281548306787524,-0.0371111983359558,,
TEST_2024,2024,discharge_3cat_final,Disposition,CORE_NEURO_PLUS_RESP,806,151874,0.716508421454627,0.628348858559631,0.377915284389867,0.833339164512042,0.697451671657346,,,,,,,,,FULL_REFERENCE,1284,151874,0.73464187418518,0.587651997366304,0.352925661370904,0.859912401500625,0.732482735462213,,,,,,,,,,,,,-0.0181334527305529,0.0406968611933277,0.0249896230189632,-0.0265732369885833,-0.0350310638048674,,
TEST_2024,2024,hlos_trajectory_final,Hospital LOS trajectory,FULL_REFERENCE,1452,151686,0.744208430573685,0.585014800048401,0.351175809811596,0.812052038356223,0.552030340221893,,,,,,,,,FULL_REFERENCE,1452,151686,0.744208430573685,0.585014800048401,0.351175809811596,0.812052038356223,0.552030340221893,,,,,,,,,,,,,0,0,0,0,0,,
TEST_2024,2024,hlos_trajectory_final,Hospital LOS trajectory,NO_RESP_ASSISTANCE,1362,151686,0.744294133934575,0.585172226401178,0.351243475370876,0.811890421298912,0.552073132636997,,,,,,,,,FULL_REFERENCE,1452,151686,0.744208430573685,0.585014800048401,0.351175809811596,0.812052038356223,0.552030340221893,,,,,,,,,,,,,8.57033608901991e-05,0.000157426352777157,6.76655592798947e-05,-0.000161617057310881,4.27924151047421e-05,,
TEST_2024,2024,hlos_trajectory_final,Hospital LOS trajectory,NO_RESP_SUPPORT,1378,151686,0.743786506335456,0.586341692717074,0.352035986413442,0.810891726657091,0.550463981131169,,,,,,,,,FULL_REFERENCE,1452,151686,0.744208430573685,0.585014800048401,0.351175809811596,0.812052038356223,0.552030340221893,,,,,,,,,,,,,-0.000421924238228955,0.00132689266867281,0.000860176601846008,-0.001160311699132,-0.00156635909072334,,
TEST_2024,2024,hlos_trajectory_final,Hospital LOS trajectory,NO_GCS_AIRWAY_QUALIFIERS,1279,151686,0.744247985971019,0.585504832157682,0.351432057174514,0.811668112095346,0.551353515686324,,,,,,,,,FULL_REFERENCE,1452,151686,0.744208430573685,0.585014800048401,0.351175809811596,0.812052038356223,0.552030340221893,,,,,,,,,,,,,3.95553973339124e-05,0.000490032109281335,0.000256247362918571,-0.00038392626087691,-0.000676824535568388,,
TEST_2024,2024,hlos_trajectory_final,Hospital LOS trajectory,NO_AIRWAY_PROXY_SET,1303,151686,0.743905172527458,0.586764591862641,0.352250914256885,0.810576261858135,0.550135128596801,,,,,,,,,FULL_REFERENCE,1452,151686,0.744208430573685,0.585014800048401,0.351175809811596,0.812052038356223,0.552030340221893,,,,,,,,,,,,,-0.000303258046227106,0.0017497918142404,0.00107510444528902,-0.0014757764980875,-0.00189521162509176,,
TEST_2024,2024,hlos_trajectory_final,Hospital LOS trajectory,NO_HELMET,1281,151686,0.744274356235908,0.585373944375549,0.351349486466234,0.811662274808444,0.552003174652556,,,,,,,,,FULL_REFERENCE,1452,151686,0.744208430573685,0.585014800048401,0.351175809811596,0.812052038356223,0.552030340221893,,,,,,,,,,,,,6.59256622232984e-05,0.00035914432714812,0.000173676654638244,-0.000389763547778643,-2.71655693366846e-05,,
TEST_2024,2024,hlos_trajectory_final,Hospital LOS trajectory,NO_MECHANISM_HELMET,1087,151686,0.743878802262569,0.587777947194037,0.352635348428078,0.809710189154192,0.549762241837517,,,,,,,,,FULL_REFERENCE,1452,151686,0.744208430573685,0.585014800048401,0.351175809811596,0.812052038356223,0.552030340221893,,,,,,,,,,,,,-0.000329628311116381,0.00276314714563586,0.00145953861648246,-0.00234184920203073,-0.00226809838437547,,
TEST_2024,2024,hlos_trajectory_final,Hospital LOS trajectory,NO_NONCRANIAL_INJURY_PHENOTYPES,1087,151686,0.735908389699775,0.610291339913593,0.366353632319502,0.788786358430394,0.530667098090251,,,,,,,,,FULL_REFERENCE,1452,151686,0.744208430573685,0.585014800048401,0.351175809811596,0.812052038356223,0.552030340221893,,,,,,,,,,,,,-0.00830004087391056,0.0252765398651917,0.0151778225079058,-0.0232656799258284,-0.0213632421316419,,
TEST_2024,2024,hlos_trajectory_final,Hospital LOS trajectory,NO_PMHX,1086,151686,0.743905172527458,0.589970301206289,0.354074897946775,0.807210848021484,0.548919200196894,,,,,,,,,FULL_REFERENCE,1452,151686,0.744208430573685,0.585014800048401,0.351175809811596,0.812052038356223,0.552030340221893,,,,,,,,,,,,,-0.000303258046227106,0.00495550115788779,0.00289908813517936,-0.00484119033473873,-0.00311114002499813,,
TEST_2024,2024,hlos_trajectory_final,Hospital LOS trajectory,CORE_NEURO,765,151686,0.730397004337909,0.625330199510959,0.375792976241198,0.772946719686798,0.516754862504915,,,,,,,,,FULL_REFERENCE,1452,151686,0.744208430573685,0.585014800048401,0.351175809811596,0.812052038356223,0.552030340221893,,,,,,,,,,,,,-0.0138114262357766,0.0403153994625579,0.0246171664296023,-0.0391053186694247,-0.035275477716977,,
TEST_2024,2024,hlos_trajectory_final,Hospital LOS trajectory,CORE_NEURO_PLUS_RESP,787,151686,0.732031960761046,0.622682850318826,0.373946510615679,0.776039317577942,0.519482395599379,,,,,,,,,FULL_REFERENCE,1452,151686,0.744208430573685,0.585014800048401,0.351175809811596,0.812052038356223,0.552030340221893,,,,,,,,,,,,,-0.0121764698126393,0.0376680502704246,0.0227707008040837,-0.0360127207782806,-0.0325479446225138,,
TEST_2024,2024,icp_pressure_monitor_final,Invasive ICP monitoring,FULL_REFERENCE,569,151874,,,,,,5608,0.0369253460105087,0.925064850312875,0.342376125182049,0.0282867650019945,0.101444777756559,-0.147294482566146,1.00740659603395,FULL_REFERENCE,569,151874,,,,,,5608,0.0369253460105087,0.925064850312875,0.342376125182049,0.0282867650019945,0.101444777756559,-0.147294482566146,1.00740659603395,0,0,0,0,,,,,,0,0
TEST_2024,2024,icp_pressure_monitor_final,Invasive ICP monitoring,NO_RESP_ASSISTANCE,546,151874,,,,,,5608,0.0369253460105087,0.924793762397171,0.340965468281501,0.0283033085654983,0.101564216294502,-0.147675840421154,1.00825448330319,FULL_REFERENCE,569,151874,,,,,,5608,0.0369253460105087,0.925064850312875,0.342376125182049,0.0282867650019945,0.101444777756559,-0.147294482566146,1.00740659603395,-0.000271087915704737,-0.00141065690054754,1.65435635037896e-05,0.000119438537942981,,,,,,-0.000381357855007369,0.000847887269244119
TEST_2024,2024,icp_pressure_monitor_final,Invasive ICP monitoring,NO_RESP_SUPPORT,632,151874,,,,,,5608,0.0369253460105087,0.924888646977436,0.339684297147295,0.0283166792307362,0.101549864893886,-0.148078607302184,1.00589373456191,FULL_REFERENCE,569,151874,,,,,,5608,0.0369253460105087,0.925064850312875,0.342376125182049,0.0282867650019945,0.101444777756559,-0.147294482566146,1.00740659603395,-0.000176203335439107,-0.00269182803475354,2.99142287417432e-05,0.000105087137327375,,,,,,-0.000784124736037839,-0.00151286147203433
TEST_2024,2024,icp_pressure_monitor_final,Invasive ICP monitoring,NO_GCS_AIRWAY_QUALIFIERS,541,151874,,,,,,5608,0.0369253460105087,0.924718748352351,0.340946000571231,0.0283042586624402,0.101555084516179,-0.146988620754694,1.00757575678095,FULL_REFERENCE,569,151874,,,,,,5608,0.0369253460105087,0.925064850312875,0.342376125182049,0.0282867650019945,0.101444777756559,-0.147294482566146,1.00740659603395,-0.000346101960524425,-0.00143012461081771,1.74936604457193e-05,0.000110306759620413,,,,,,0.000305861811452229,0.00016916074700557
TEST_2024,2024,icp_pressure_monitor_final,Invasive ICP monitoring,NO_AIRWAY_PROXY_SET,557,151874,,,,,,5608,0.0369253460105087,0.92482799728527,0.340177732249173,0.0282962501896558,0.101516864331382,-0.147567367627328,1.01049370330522,FULL_REFERENCE,569,151874,,,,,,5608,0.0369253460105087,0.925064850312875,0.342376125182049,0.0282867650019945,0.101444777756559,-0.147294482566146,1.00740659603395,-0.000236853027605899,-0.00219839293287555,9.48518766136219e-06,7.20865748234656e-05,,,,,,-0.000272885061182004,0.0030871072712737
TEST_2024,2024,icp_pressure_monitor_final,Invasive ICP monitoring,NO_HELMET,545,151874,,,,,,5608,0.0369253460105087,0.924928302709505,0.341599934839449,0.0282875664042002,0.101481986792804,-0.145000895188555,1.00842452811173,FULL_REFERENCE,569,151874,,,,,,5608,0.0369253460105087,0.925064850312875,0.342376125182049,0.0282867650019945,0.101444777756559,-0.147294482566146,1.00740659603395,-0.000136547603370785,-0.000776190342599792,8.01402205732188e-07,3.72090362449479e-05,,,,,,0.0022935873775915,0.00101793207777989
TEST_2024,2024,icp_pressure_monitor_final,Invasive ICP monitoring,NO_MECHANISM_HELMET,558,151874,,,,,,5608,0.0369253460105087,0.923994538105618,0.33639538628784,0.0284124956917129,0.101993561168939,-0.148188881267372,1.00750275844929,FULL_REFERENCE,569,151874,,,,,,5608,0.0369253460105087,0.925064850312875,0.342376125182049,0.0282867650019945,0.101444777756559,-0.147294482566146,1.00740659603395,-0.0010703122072574,-0.0059807388942088,0.000125730689718478,0.000548783412379933,,,,,,-0.000894398701225568,9.61624153386076e-05
TEST_2024,2024,icp_pressure_monitor_final,Invasive ICP monitoring,NO_NONCRANIAL_INJURY_PHENOTYPES,543,151874,,,,,,5608,0.0369253460105087,0.924528022177873,0.34142930388731,0.0282890524134246,0.101566364429397,-0.143323733675732,1.01063905430739,FULL_REFERENCE,569,151874,,,,,,5608,0.0369253460105087,0.925064850312875,0.342376125182049,0.0282867650019945,0.101444777756559,-0.147294482566146,1.00740659603395,-0.000536828135002665,-0.000946821294738442,2.28741143011579e-06,0.000121586672838167,,,,,,0.0039707488904146,0.00323245827344087
TEST_2024,2024,icp_pressure_monitor_final,Invasive ICP monitoring,NO_PMHX,490,151874,,,,,,5608,0.0369253460105087,0.924704629044034,0.340418418697147,0.028310451854518,0.101645723576784,-0.149251382171041,1.00905720476922,FULL_REFERENCE,569,151874,,,,,,5608,0.0369253460105087,0.925064850312875,0.342376125182049,0.0282867650019945,0.101444777756559,-0.147294482566146,1.00740659603395,-0.000360221268841832,-0.0019577064849019,2.3686852523571e-05,0.000200945820225326,,,,,,-0.00195689960489498,0.00165060873526968
TEST_2024,2024,icp_pressure_monitor_final,Invasive ICP monitoring,CORE_NEURO,417,151874,,,,,,5608,0.0369253460105087,0.921693345647222,0.327940834748536,0.0286210073870195,0.102985546331588,-0.140513326903705,1.01923006876595,FULL_REFERENCE,569,151874,,,,,,5608,0.0369253460105087,0.925064850312875,0.342376125182049,0.0282867650019945,0.101444777756559,-0.147294482566146,1.00740659603395,-0.00337150466565395,-0.0144352904335127,0.000334242385025024,0.00154076857502919,,,,,,0.00678115566244153,0.011823472732005
TEST_2024,2024,icp_pressure_monitor_final,Invasive ICP monitoring,CORE_NEURO_PLUS_RESP,536,151874,,,,,,5608,0.0369253460105087,0.922064350085952,0.330302339763718,0.0285917312354072,0.102799002485306,-0.141321635268316,1.01335910345975,FULL_REFERENCE,569,151874,,,,,,5608,0.0369253460105087,0.925064850312875,0.342376125182049,0.0282867650019945,0.101444777756559,-0.147294482566146,1.00740659603395,-0.00300050022692322,-0.012073785418331,0.000304966233412748,0.00135422472874759,,,,,,0.0059728472978309,0.00595250742579956
TEST_2024,2024,icu_trajectory_final,ICU trajectory,FULL_REFERENCE,1453,151874,0.670917997813977,0.683388356646672,0.420604151912815,0.830666549197892,0.674952418511007,,,,,,,,,FULL_REFERENCE,1453,151874,0.670917997813977,0.683388356646672,0.420604151912815,0.830666549197892,0.674952418511007,,,,,,,,,,,,,0,0,0,0,0,,
TEST_2024,2024,icu_trajectory_final,ICU trajectory,NO_RESP_ASSISTANCE,1524,151874,0.671530347524922,0.683593683374592,0.420745919730082,0.830525150886134,0.67464720166064,,,,,,,,,FULL_REFERENCE,1453,151874,0.670917997813977,0.683388356646672,0.420604151912815,0.830666549197892,0.674952418511007,,,,,,,,,,,,,0.000612349710944593,0.000205326727920063,0.000141767817267602,-0.00014139831175819,-0.000305216850367107,,
TEST_2024,2024,icu_trajectory_final,ICU trajectory,NO_RESP_SUPPORT,1413,151874,0.669844739718451,0.685301913607616,0.421629273896587,0.829662838937004,0.673811471813178,,,,,,,,,FULL_REFERENCE,1453,151874,0.670917997813977,0.683388356646672,0.420604151912815,0.830666549197892,0.674952418511007,,,,,,,,,,,,,-0.00107325809552661,0.00191355696094431,0.00102512198377225,-0.0010037102608883,-0.00114094669782905,,
TEST_2024,2024,icu_trajectory_final,ICU trajectory,NO_GCS_AIRWAY_QUALIFIERS,1439,151874,0.670733634460145,0.684034945751965,0.42087109760049,0.830354200539582,0.674416685457777,,,,,,,,,FULL_REFERENCE,1453,151874,0.670917997813977,0.683388356646672,0.420604151912815,0.830666549197892,0.674952418511007,,,,,,,,,,,,,-0.000184363353832873,0.000646589105293138,0.000266945687674713,-0.000312348658310091,-0.000535733053230292,,
TEST_2024,2024,icu_trajectory_final,ICU trajectory,NO_AIRWAY_PROXY_SET,1390,151874,0.669403584550351,0.68602651733425,0.421986971269394,0.829341400587431,0.672824942284186,,,,,,,,,FULL_REFERENCE,1453,151874,0.670917997813977,0.683388356646672,0.420604151912815,0.830666549197892,0.674952418511007,,,,,,,,,,,,,-0.00151441326362645,0.00263816068757805,0.00138281935657958,-0.0013251486104604,-0.00212747622682086,,
TEST_2024,2024,icu_trajectory_final,ICU trajectory,NO_HELMET,1360,151874,0.671398659415041,0.683495604267991,0.420612720237504,0.830620173879533,0.674970758928351,,,,,,,,,FULL_REFERENCE,1453,151874,0.670917997813977,0.683388356646672,0.420604151912815,0.830666549197892,0.674952418511007,,,,,,,,,,,,,0.00048066160106397,0.000107247621318529,8.5683246894841e-06,-4.63753183583826e-05,1.83404173439428e-05,,
TEST_2024,2024,icu_trajectory_final,ICU trajectory,NO_MECHANISM_HELMET,1313,151874,0.670246388453587,0.685676568292266,0.421782060939289,0.829458351558596,0.672463406374401,,,,,,,,,FULL_REFERENCE,1453,151874,0.670917997813977,0.683388356646672,0.420604151912815,0.830666549197892,0.674952418511007,,,,,,,,,,,,,-0.000671609360390901,0.00228821164559367,0.0011779090264738,-0.00120819763929603,-0.0024890121366058,,
TEST_2024,2024,icu_trajectory_final,ICU trajectory,NO_NONCRANIAL_INJURY_PHENOTYPES,1369,151874,0.665294915522078,0.702859160345121,0.430080657401739,0.820891920036303,0.661899601534962,,,,,,,,,FULL_REFERENCE,1453,151874,0.670917997813977,0.683388356646672,0.420604151912815,0.830666549197892,0.674952418511007,,,,,,,,,,,,,-0.0056230822918999,0.0194708036984489,0.00947650548892459,-0.00977462916158911,-0.0130528169760443,,
TEST_2024,2024,icu_trajectory_final,ICU trajectory,NO_PMHX,1311,151874,0.666150888236301,0.688570956871739,0.423827813324762,0.826749187933806,0.670942960097275,,,,,,,,,FULL_REFERENCE,1453,151874,0.670917997813977,0.683388356646672,0.420604151912815,0.830666549197892,0.674952418511007,,,,,,,,,,,,,-0.00476710957767623,0.00518260022506645,0.00322366141194702,-0.0039173612640856,-0.00400945841373157,,
TEST_2024,2024,icu_trajectory_final,ICU trajectory,CORE_NEURO,928,151874,0.65653765621502,0.717905674813608,0.438447030495462,0.811547488601281,0.648245984051971,,,,,,,,,FULL_REFERENCE,1453,151874,0.670917997813977,0.683388356646672,0.420604151912815,0.830666549197892,0.674952418511007,,,,,,,,,,,,,-0.0143803415989571,0.0345173181669357,0.0178428785826472,-0.0191190605966111,-0.0267064344590362,,
TEST_2024,2024,icu_trajectory_final,ICU trajectory,CORE_NEURO_PLUS_RESP,905,151874,0.657742602420428,0.714557711949892,0.436755582477269,0.813343124703568,0.650634417965698,,,,,,,,,FULL_REFERENCE,1453,151874,0.670917997813977,0.683388356646672,0.420604151912815,0.830666549197892,0.674952418511007,,,,,,,,,,,,,-0.01317539539355,0.0311693553032197,0.0161514305644543,-0.017323424494324,-0.0243180005453086,,
TEST_2024,2024,ventilation_trajectory_final,Mechanical ventilation trajectory,FULL_REFERENCE,1089,151874,0.873915219194859,0.341034949005355,0.183941439560701,0.920444996354886,0.70014513186373,,,,,,,,,FULL_REFERENCE,1089,151874,0.873915219194859,0.341034949005355,0.183941439560701,0.920444996354886,0.70014513186373,,,,,,,,,,,,,0,0,0,0,0,,
TEST_2024,2024,ventilation_trajectory_final,Mechanical ventilation trajectory,NO_RESP_ASSISTANCE,990,151874,0.873776946679484,0.34152987992722,0.18421070122161,0.920277171116279,0.699799749273276,,,,,,,,,FULL_REFERENCE,1089,151874,0.873915219194859,0.341034949005355,0.183941439560701,0.920444996354886,0.70014513186373,,,,,,,,,,,,,-0.000138272515374571,0.0004949309218652,0.000269261660909126,-0.0001678252386067,-0.000345382590454579,,
TEST_2024,2024,ventilation_trajectory_final,Mechanical ventilation trajectory,NO_RESP_SUPPORT,1088,151874,0.873724271435532,0.342891813339394,0.184784574524617,0.919603322181917,0.698924452720158,,,,,,,,,FULL_REFERENCE,1089,151874,0.873915219194859,0.341034949005355,0.183941439560701,0.920444996354886,0.70014513186373,,,,,,,,,,,,,-0.000190947759326821,0.00185686433403914,0.000843134963916165,-0.000841674172969098,-0.00122067914357216,,
TEST_2024,2024,ventilation_trajectory_final,Mechanical ventilation trajectory,NO_GCS_AIRWAY_QUALIFIERS,1021,151874,0.87373744024652,0.342079207360762,0.184510459991729,0.920092796613582,0.69913962474102,,,,,,,,,FULL_REFERENCE,1089,151874,0.873915219194859,0.341034949005355,0.183941439560701,0.920444996354886,0.70014513186373,,,,,,,,,,,,,-0.000177778948338814,0.0010442583554075,0.000569020431028355,-0.000352199741304071,-0.00100550712271053,,
TEST_2024,2024,ventilation_trajectory_final,Mechanical ventilation trajectory,NO_AIRWAY_PROXY_SET,1034,151874,0.872986818020201,0.344853770692943,0.185888987195001,0.918859732794294,0.696580615726078,,,,,,,,,FULL_REFERENCE,1089,151874,0.873915219194859,0.341034949005355,0.183941439560701,0.920444996354886,0.70014513186373,,,,,,,,,,,,,-0.000928401174657978,0.00381882168758857,0.00194754763430016,-0.0015852635605923,-0.00356451613765241,,
TEST_2024,2024,ventilation_trajectory_final,Mechanical ventilation trajectory,NO_HELMET,1029,151874,0.873961310033317,0.341122633583235,0.183980061177083,0.920419644109877,0.700138214353776,,,,,,,,,FULL_REFERENCE,1089,151874,0.873915219194859,0.341034949005355,0.183941439560701,0.920444996354886,0.70014513186373,,,,,,,,,,,,,4.60908384581904e-05,8.76845778797764e-05,3.86216163825448e-05,-2.53522450091026e-05,-6.91750995451823e-06,,
TEST_2024,2024,ventilation_trajectory_final,Mechanical ventilation trajectory,NO_MECHANISM_HELMET,1033,151874,0.873460895215771,0.342703168331771,0.184791002179613,0.919550188646543,0.697715026978562,,,,,,,,,FULL_REFERENCE,1089,151874,0.873915219194859,0.341034949005355,0.183941439560701,0.920444996354886,0.70014513186373,,,,,,,,,,,,,-0.000454323979087956,0.00166821932641642,0.000849562618912725,-0.000894807708343159,-0.00243010488516815,,
TEST_2024,2024,ventilation_trajectory_final,Mechanical ventilation trajectory,NO_NONCRANIAL_INJURY_PHENOTYPES,999,151874,0.872993402425695,0.348980063371077,0.187010098373112,0.914597830284094,0.69179646844446,,,,,,,,,FULL_REFERENCE,1089,151874,0.873915219194859,0.341034949005355,0.183941439560701,0.920444996354886,0.70014513186373,,,,,,,,,,,,,-0.000921816769163919,0.00794511436572187,0.00306865881241158,-0.00584716607079217,-0.00834866341927054,,
TEST_2024,2024,ventilation_trajectory_final,Mechanical ventilation trajectory,NO_PMHX,1016,151874,0.873934972411341,0.34326902284579,0.18479797914085,0.918718231941154,0.698757367694644,,,,,,,,,FULL_REFERENCE,1089,151874,0.873915219194859,0.341034949005355,0.183941439560701,0.920444996354886,0.70014513186373,,,,,,,,,,,,,1.97532164820657e-05,0.0022340738404355,0.000856539580149807,-0.00172676441373154,-0.00138776416908637,,
TEST_2024,2024,ventilation_trajectory_final,Mechanical ventilation trajectory,CORE_NEURO,793,151874,0.870083095197335,0.360379694356154,0.192209612263215,0.907397243420234,0.679453351564375,,,,,,,,,FULL_REFERENCE,1089,151874,0.873915219194859,0.341034949005355,0.183941439560701,0.920444996354886,0.70014513186373,,,,,,,,,,,,,-0.00383212399752431,0.0193447453507989,0.00826817270251415,-0.0130477529346514,-0.020691780299355,,
TEST_2024,2024,ventilation_trajectory_final,Mechanical ventilation trajectory,CORE_NEURO_PLUS_RESP,735,151874,0.871202444131319,0.356324110400052,0.190365045384947,0.909710336527775,0.682710049221418,,,,,,,,,FULL_REFERENCE,1089,151874,0.873915219194859,0.341034949005355,0.183941439560701,0.920444996354886,0.70014513186373,,,,,,,,,,,,,-0.00271277506353951,0.015289161394697,0.00642360582424678,-0.0107346598271112,-0.0174350826423122,,
