endpoint_id,endpoint_label,variant_id,n_fold_class_comparisons,median_delta_AUROC,worst_delta_AUROC,median_delta_AUPRC,worst_delta_AUPRC,median_delta_Brier,worst_delta_Brier
discharge_3cat_final,Disposition,NO_RESP_ASSISTANCE,9,-7.54099228688077e-05,-0.0002137785820302,-5.53028472488615e-05,-0.000803055194100399,4.34257599413179e-05,9.20433286994982e-05
discharge_3cat_final,Disposition,NO_RESP_SUPPORT,9,-0.000600297765514291,-0.00100850789977103,-0.00107602249604544,-0.00180202572694332,0.000211831287668468,0.000356143773154655
discharge_3cat_final,Disposition,NO_GCS_AIRWAY_QUALIFIERS,9,-0.000282905708543502,-0.000463813219282794,-0.000399650017179232,-0.00250670277558185,0.000102732288993629,0.000312181998611438
discharge_3cat_final,Disposition,NO_AIRWAY_PROXY_SET,9,-0.000930723603881911,-0.00119131923189775,-0.00155403580182034,-0.00375836916330663,0.000372841653619727,0.000501133664498998
discharge_3cat_final,Disposition,NO_HELMET,9,-0.000282989609263429,-0.000452749260635876,-0.00020238330568001,-0.0013241367124982,0.000109641043973902,0.000160515043347048
discharge_3cat_final,Disposition,NO_MECHANISM_HELMET,9,-0.00187777573978643,-0.00313629653177316,-0.00289011658922933,-0.00497138505253592,0.000647128371693034,0.000941197869717525
discharge_3cat_final,Disposition,NO_NONCRANIAL_INJURY_PHENOTYPES,9,-0.0174998788833723,-0.0264077941321812,-0.0172408635165495,-0.0366875521536204,0.00627219418471808,0.00767155862336402
discharge_3cat_final,Disposition,NO_PMHX,9,-0.00628920547027856,-0.00886213374541434,-0.00706863887960152,-0.0104959684487801,0.00199172324384286,0.00311508795351312
discharge_3cat_final,Disposition,CORE_NEURO,9,-0.0293078706324043,-0.0453049046813636,-0.02695392081659,-0.062413353616052,0.0101832423747645,0.0131830447799344
discharge_3cat_final,Disposition,CORE_NEURO_PLUS_RESP,9,-0.02739257831136,-0.0430495232390177,-0.0253247464504958,-0.0597894271454157,0.00969152634588699,0.0124403055101293
hlos_trajectory_final,Hospital LOS trajectory,NO_RESP_ASSISTANCE,9,-9.45989634983935e-05,-0.000230194887910429,-1.71594251401341e-05,-0.000619804507091704,8.11382422055695e-06,5.40570427263187e-05
hlos_trajectory_final,Hospital LOS trajectory,NO_RESP_SUPPORT,9,-0.000967643099393456,-0.00135918187594286,-0.00110366593870209,-0.00212282308849771,0.000252822936461172,0.000478858342765315
hlos_trajectory_final,Hospital LOS trajectory,NO_GCS_AIRWAY_QUALIFIERS,9,-0.000391560100575172,-0.000799738227510671,-0.000641958270120424,-0.0014980445132915,8.60619748858926e-05,0.000210327968666407
hlos_trajectory_final,Hospital LOS trajectory,NO_AIRWAY_PROXY_SET,9,-0.00145742266026072,-0.00175136269111664,-0.00167789567688353,-0.00300103808095553,0.000335799734602515,0.000617330204291222
hlos_trajectory_final,Hospital LOS trajectory,NO_HELMET,9,-0.000332984509119783,-0.000436137629900246,-0.000169357446745622,-0.000989264711681204,5.15347259914811e-05,0.000190580881907404
hlos_trajectory_final,Hospital LOS trajectory,NO_MECHANISM_HELMET,9,-0.00232445080257426,-0.00280300965094471,-0.00269832954815763,-0.00348622980850327,0.000496738803890895,0.000992790117438025
hlos_trajectory_final,Hospital LOS trajectory,NO_NONCRANIAL_INJURY_PHENOTYPES,9,-0.0284057862379541,-0.0318689324321447,-0.02043367937138,-0.0340929986101028,0.00612868528098348,0.00919937073061006
hlos_trajectory_final,Hospital LOS trajectory,NO_PMHX,9,-0.00601010869731966,-0.00619040089421052,-0.00386986693054703,-0.00539622067803441,0.0011404918884256,0.00168514853221635
hlos_trajectory_final,Hospital LOS trajectory,CORE_NEURO,9,-0.0473391664930434,-0.0501850140928175,-0.0335651871534706,-0.0519963698996642,0.00962323415615254,0.014321348696051
hlos_trajectory_final,Hospital LOS trajectory,CORE_NEURO_PLUS_RESP,9,-0.0438045109156046,-0.0471389042090901,-0.0311257346630087,-0.0482528586673234,0.00894776669247655,0.0135310379385296
icu_trajectory_final,ICU trajectory,NO_RESP_ASSISTANCE,12,-0.000125663950488075,-0.000184216120586278,-0.000183615564741724,-0.00091105320508067,6.10016933648011e-05,8.63716095172162e-05
icu_trajectory_final,ICU trajectory,NO_RESP_SUPPORT,12,-0.00118267173563302,-0.00123331530149962,-0.00139533306772216,-0.00215289320846535,0.000525252402346368,0.000653220454229497
icu_trajectory_final,ICU trajectory,NO_GCS_AIRWAY_QUALIFIERS,12,-0.000177898369641771,-0.00053989867781612,-0.000389016438311296,-0.000994162937628551,8.76542436791805e-05,0.000121289779342157
icu_trajectory_final,ICU trajectory,NO_AIRWAY_PROXY_SET,12,-0.001476444654394,-0.00156564539745219,-0.00209426189120632,-0.00343452416527479,0.00063446080175425,0.000852369921281015
icu_trajectory_final,ICU trajectory,NO_HELMET,12,-3.66318661026988e-05,-0.00012958638202254,-6.19663150859817e-05,-0.00048537080682709,1.05165658518813e-05,3.86971549481974e-05
icu_trajectory_final,ICU trajectory,NO_MECHANISM_HELMET,12,-0.000817582733224298,-0.00174471012318744,-0.00113426413329415,-0.00461285859812877,0.000384070730968578,0.000417376086110713
icu_trajectory_final,ICU trajectory,NO_NONCRANIAL_INJURY_PHENOTYPES,12,-0.00912283815064474,-0.0146790962374324,-0.0114288713329961,-0.0192213499866838,0.00379666485656444,0.00513234937772517
icu_trajectory_final,ICU trajectory,NO_PMHX,12,-0.00344231272486489,-0.00480651918248143,-0.0033445909076269,-0.00578813975353676,0.00123069058907957,0.00170792300726497
icu_trajectory_final,ICU trajectory,CORE_NEURO,12,-0.0173222505266778,-0.0249702727983444,-0.0209274282085242,-0.0390789244758882,0.00694961579123733,0.00890166881192533
icu_trajectory_final,ICU trajectory,CORE_NEURO_PLUS_RESP,12,-0.0151744316218562,-0.0223635973969769,-0.0187350952297193,-0.0359836094497888,0.00621000989980125,0.00789199000065477
ventilation_trajectory_final,Mechanical ventilation trajectory,NO_RESP_ASSISTANCE,12,-0.00014774215474439,-0.000232787731624051,-0.000509418688181551,-0.00130541425062458,0.000136641750881031,0.000164145056761975
ventilation_trajectory_final,Mechanical ventilation trajectory,NO_RESP_SUPPORT,12,-0.00106070216999121,-0.00123367487566028,-0.00244974180373869,-0.00307650867755971,0.000441822128467696,0.000678346701965565
ventilation_trajectory_final,Mechanical ventilation trajectory,NO_GCS_AIRWAY_QUALIFIERS,12,-0.000352505834420869,-0.000463963629344866,-0.0011922933885917,-0.00233495032866027,0.000242435652756473,0.000334365854131102
ventilation_trajectory_final,Mechanical ventilation trajectory,NO_AIRWAY_PROXY_SET,12,-0.00183271583398281,-0.0020834134015949,-0.00456985588265521,-0.00834155069396381,0.000926310118489759,0.00130925165657633
ventilation_trajectory_final,Mechanical ventilation trajectory,NO_HELMET,12,-6.52712914698816e-05,-0.000197786263275823,-0.000101738270874674,-0.00113912350884648,2.60788369594762e-05,7.63823968197019e-05
ventilation_trajectory_final,Mechanical ventilation trajectory,NO_MECHANISM_HELMET,12,-0.000759702882830948,-0.00145318644181702,-0.00225591881856901,-0.00693887762863338,0.000331566994297809,0.000433473444308316
ventilation_trajectory_final,Mechanical ventilation trajectory,NO_NONCRANIAL_INJURY_PHENOTYPES,12,-0.00515420285424817,-0.00789922815485122,-0.00615053525233539,-0.0152474656170313,0.00110176844878554,0.00151876597247384
ventilation_trajectory_final,Mechanical ventilation trajectory,NO_PMHX,12,-0.00162290283675492,-0.00192877647210765,-0.00178925702976279,-0.00255900909137502,0.000385034768886648,0.00057690080555596
ventilation_trajectory_final,Mechanical ventilation trajectory,CORE_NEURO,12,-0.0115909173148525,-0.016322234081584,-0.0210518466032772,-0.0325876651593051,0.00327135819868487,0.00451768574525328
ventilation_trajectory_final,Mechanical ventilation trajectory,CORE_NEURO_PLUS_RESP,12,-0.00903226721887174,-0.0140739032995205,-0.0150959489790905,-0.0299250452725882,0.00235570131014723,0.00311547529781805
